ID,Timestamp,PID,PLAT,CTX,DESCRIPTION,TEXT EN,TEMP,INTENT,TRIGGERS,CAUS,ALGO_CAUSE,PB1,PB2,RESP_CONSEQ,FUTURE_USE,ARTIST_HARM
8,25/11/2025 22:10:04,6646052f36c0bd14aafa0f0f,Spotify,Ascolto passivo,"Stavo ascoltando passivamente una playlist. Dal momento in cui la playlist è finita, ho avuto una “riproduzione consigliata” di un brano che non aveva nulla a che vedere con ciò che stavo ascoltando","I was passively listening to a playlist. Once the playlist ended, I got a “recommended playback” of a track that had nothing to do with what I had been listening to.",POST,PASSIVE,TR3_Continuation,NO,2,Non ne sono sicurə ma ha catturato la mia attenzione per qualche motivo,"Sembrava che la raccomandazione fosse pensata per promuovere qualcosa piuttosto che adattarsi ai miei gusti, Il sistema sembrava ignorare scene musicali diverse o di nicchia a cui tengo.",NO,3,3
9,25/11/2025 22:12:57,6646052f36c0bd14aafa0f0f,Spotify,Stavo cercando qualcosa di specifico,"Stavo per cercare qualcosa su spotify. Successivamente, scendendo in basso, ho visto la sezione “stazioni consigliate” con in mezzo anche degli artisti che non ascolto.","I was about to search for something on Spotify. Then, scrolling down, I saw the “recommended stations” section, which also included artists I don't listen to.",PRE,ACTIVE,TR1_Presentation,NO,3,Ho percepito che artisti commerciali o di grandi etichette erano favoriti rispetto agli indipendenti,Sembrava che la raccomandazione fosse pensata per promuovere qualcosa piuttosto che adattarsi ai miei gusti,NO,3,3
10,25/11/2025 22:16:41,6646052f36c0bd14aafa0f0f,Spotify,Ascolto passivo,"Stavo scrollando su spotify, per cercare qualcosa di nuovo ma simile ai miei gusti. Tramite la funzione “scopri qualcosa di nuovo”, continuando a scrollare trovavo solo artisti famosi completamente lontani dal mio stile.","I was scrolling through Spotify, looking for something new but similar to my tastes. Using the “discover something new” feature, I kept scrolling but only found famous artists who were completely different from my style.",PRE,PASSIVE,TR1_Presentation,NO,2,"La piattaforma sembrava promuovere canzoni già virali o molto popolari, Il sistema continuava a mostrarmi artisti o brani simili risultando ripetitivo, Ho trovato difficile scoprire qualcosa di veramente nuovo o diverso, Ho percepito che artisti commerciali o di grandi etichette erano favoriti rispetto agli indipendenti","Ho trovato lo stesso contenuto “di tendenza” su diverse piattaforme, Le raccomandazioni non sembravano evolvere nemmeno dopo aver cambiato ciò che ascoltavo, Sembrava che la raccomandazione fosse pensata per promuovere qualcosa piuttosto che adattarsi ai miei gusti, Le raccomandazioni mi sono sembrate stereotipate o influenzate da bias, Il sistema sembrava ignorare scene musicali diverse o di nicchia a cui tengo.",NO,3,4
11,26/11/2025 12:43:13,6582f5dfb83c230e72711bbd,YouTube,Ascolto passivo,"Mi si era messo in autoplay ""Stereo Hearts"" di ""Gym Class Heroes"" (genere pop) e nei suggeriti c era Eminem e Kanye west che tral altro mi era spuntata la stessa canzone ovvero ""runaway"" anche nella canzone 7yearsold quindi sempre generi totalmente opposti","Autoplay started playing “Stereo Hearts” by Gym Class Heroes (pop), and in the suggested tracks there were Eminem and Kanye West. On top of that, the same song, “Runaway,” also appeared in the suggestions for “7 Years Old,” so again, completely opposite genres.",POST,PASSIVE,TR3_Continuation,NO,5,"Ho notato una sovrarappresentazione di artisti maschili o generi mainstream, Ho trovato difficile scoprire qualcosa di veramente nuovo o diverso, La piattaforma sembrava promuovere canzoni già virali o molto popolari, Non ne sono sicurə ma ha catturato la mia attenzione per qualche motivo, Ho percepito che artisti commerciali o di grandi etichette erano favoriti rispetto agli indipendenti, Il sistema continuava a mostrarmi artisti o brani simili risultando ripetitivo","Non ne sono sicurə ma ha catturato la mia attenzione per qualche motivo, Le raccomandazioni non sembravano evolvere nemmeno dopo aver cambiato ciò che ascoltavo, Ho trovato lo stesso contenuto “di tendenza” su diverse piattaforme, Le raccomandazioni mi sono sembrate stereotipate o influenzate da bias, Sembrava che la raccomandazione fosse pensata per promuovere qualcosa piuttosto che adattarsi ai miei gusti",NO,5,5
12,26/11/2025 12:46:32,6582f5dfb83c230e72711bbd,YouTube,Ascolto passivo,"Nell'auto play sta volta si è messa: ""counting stars"" di ""OneRepublic"" che è pop, e ha continuato a suggerire Eminem che è rap","This time, autoplay started with “Counting Stars” by OneRepublic, which is pop, and it kept suggesting Eminem, who is rap.",POST,PASSIVE,TR3_Continuation,NO,5,"Ho notato una sovrarappresentazione di artisti maschili o generi mainstream, Il sistema continuava a mostrarmi artisti o brani simili risultando ripetitivo, Ho percepito che artisti commerciali o di grandi etichette erano favoriti rispetto agli indipendenti, La piattaforma sembrava promuovere canzoni già virali o molto popolari, Ho trovato difficile scoprire qualcosa di veramente nuovo o diverso","Le raccomandazioni non sembravano evolvere nemmeno dopo aver cambiato ciò che ascoltavo, Ho trovato lo stesso contenuto “di tendenza” su diverse piattaforme, Non ne sono sicurə ma ha catturato la mia attenzione per qualche motivo, Il sistema sembrava ignorare scene musicali diverse o di nicchia a cui tengo., Mi sono sentito “intrappolatə” in un loop di contenuti già familiari",NO,3,5
13,01/12/2025 08:18:26,60e5d3a91561c1746aa12a5e,Spotify,Ascolto passivo,"Ho finito di ascoltare un album e Spotify ha iniziato a consigliarmi brani simili. Tutti solo ed esclusivamente di artisti uomini, neanche una donna","I finished listening to an album, and Spotify started recommending similar tracks. All of them were by male artists, there wasn’t a single female artist.",POST,PASSIVE,TR3_Continuation,NO,4,"Ho notato una sovrarappresentazione di artisti maschili o generi mainstream, Ho visto pochissime artiste donne o artisti non occidentali essere consigliati","Mi sono sentito “intrappolatə” in un loop di contenuti già familiari, Le raccomandazioni mi sono sembrate stereotipate o influenzate da bias",NO,3,5
14,01/12/2025 10:19:32,5e68bd3b003be1000c6c4d25,Spotify,Ascolto passivo,Stavo ascoltando la discover weekly ed è partita I’m just Ken. Non mi è sembrata molto sensata in mezzo a quelle canzoni ma un modo per piazzare canzoni in trend anche se in questo caso un po’ passata,"I was listening to Discover Weekly, and “I’m Just Ken” started playing. It didn’t seem very fitting among those songs, but it felt like a way to feature trending tracks, even though in this case it’s a bit past its peak.",POST,PASSIVE,TR2_Collection,YES,4,"Non ne sono sicurə ma ha catturato la mia attenzione per qualche motivo, La piattaforma sembrava promuovere canzoni già virali o molto popolari",Sembrava che la raccomandazione fosse pensata per promuovere qualcosa piuttosto che adattarsi ai miei gusti,NO,3,4
15,01/12/2025 11:01:19,67235c9d9d3b60d42012c74a,Spotify,Ascolto passivo,Spotify ripropone sempre lo stesso artista anche nei mix,Spotify always plays the same artist in its mixes too.,POST,PASSIVE,TR1_Presentation,NO,4,"La piattaforma sembrava promuovere canzoni già virali o molto popolari, Ho trovato difficile scoprire qualcosa di veramente nuovo o diverso, Il sistema continuava a mostrarmi artisti o brani simili risultando ripetitivo","Non ne sono sicurə ma ha catturato la mia attenzione per qualche motivo, Il sistema sembrava ignorare scene musicali diverse o di nicchia a cui tengo., Mi sono sentito “intrappolatə” in un loop di contenuti già familiari",NO,3,3
16,01/12/2025 11:03:22,67235c9d9d3b60d42012c74a,Spotify,Ascolto passivo,Nel “discover weekly” Spotify mi propone musica e artisti sempre simili a se stessi,"In Discover Weekly, Spotify keeps suggesting music and artists that are always similar to each other.",POST,PASSIVE,TR2_Collection,NO,4,"Ho visto pochissime artiste donne o artisti non occidentali essere consigliati, Ho percepito che artisti commerciali o di grandi etichette erano favoriti rispetto agli indipendenti, Ho trovato difficile scoprire qualcosa di veramente nuovo o diverso, Ho notato una sovrarappresentazione di artisti maschili o generi mainstream","Il sistema sembrava ignorare scene musicali diverse o di nicchia a cui tengo., Le raccomandazioni non sembravano evolvere nemmeno dopo aver cambiato ciò che ascoltavo, Ho trovato lo stesso contenuto “di tendenza” su diverse piattaforme, Sembrava che la raccomandazione fosse pensata per promuovere qualcosa piuttosto che adattarsi ai miei gusti, Mi sono sentito “intrappolatə” in un loop di contenuti già familiari",NO,3,4
17,01/12/2025 11:06:00,67235c9d9d3b60d42012c74a,Spotify,Ascolto passivo,Spotify ha iniziato a riprodurre una canzone che ho skippato molte volte solo perché é popolare al momento,"Spotify started playing a song that I’ve skipped many times, just because it’s popular at the moment.",POST,PASSIVE,TR3_Continuation,YES,3,"Non ne sono sicurə ma ha catturato la mia attenzione per qualche motivo, La piattaforma sembrava promuovere canzoni già virali o molto popolari, Il sistema continuava a mostrarmi artisti o brani simili risultando ripetitivo","Sembrava che la raccomandazione fosse pensata per promuovere qualcosa piuttosto che adattarsi ai miei gusti, Ho trovato lo stesso contenuto “di tendenza” su diverse piattaforme, Le raccomandazioni non sembravano evolvere nemmeno dopo aver cambiato ciò che ascoltavo",NO,3,3
18,01/12/2025 12:30:03,60e5d3a91561c1746aa12a5e,Spotify,Stavo cercando qualcosa di specifico,"Ho aperto Spotify per cercare se era uscito un album e l'unico presente nella sezione ""nuove uscite"" era un album di ed Sheeran, come contenuto sponsorizzato. Non è un artista che ascolto, e pago Spotify per non avere pubblicità ","I opened Spotify to see if any new albums had been released, and the only one listed in the “new releases” section was an Ed Sheeran album, as sponsored content. He's not an artist I listen to, and I pay for Spotify so I don't have to see adverts. ",PRE,ACTIVE,TR1_Presentation,NO,2,"Ho notato una sovrarappresentazione di artisti maschili o generi mainstream, La piattaforma sembrava promuovere canzoni già virali o molto popolari","Il sistema sembrava ignorare scene musicali diverse o di nicchia a cui tengo., Sembrava che la raccomandazione fosse pensata per promuovere qualcosa piuttosto che adattarsi ai miei gusti",NO,3,4
19,01/12/2025 16:22:28,601705a0246e51313e8ed38e,Spotify,Ascolto passivo,"  Ho visto suggerimenti di brani da artisti che non conoscevo solamente dopo parecchio tempo, questo in una radio di un brano. Avrei preferito vedere artisti a me sconosciuti già dalle prime raccomandazioni.","I only saw suggestions for songs by artists I didn't know after quite some time, and that was on a radio station playing one song. I would have preferred to see artists unknown to me right from the first recommendations.",POST,ACTIVE,TR2_Collection,NO,4,"Non ne sono sicurə ma ha catturato la mia attenzione per qualche motivo, Ho trovato difficile scoprire qualcosa di veramente nuovo o diverso","Non ne sono sicurə ma ha catturato la mia attenzione per qualche motivo, Mi sono sentito “intrappolatə” in un loop di contenuti già familiari",YES,3,3
20,01/12/2025 19:07:18,5e68bd3b003be1000c6c4d25,Instagram,Stavo scrollando,Stavo scrollando i reel di instagram e sono incappato nell’ennesimo reel su clara anche se non è un’artista che ascolto o apprezzo,"I was scrolling through Instagram reels and stumbled upon yet another reel about Clara, even though she's not an artist I listen to or appreciate.",PRE,PASSIVE,TR1_Presentation,NO,2,"Ho trovato difficile scoprire qualcosa di veramente nuovo o diverso, Il sistema continuava a mostrarmi artisti o brani simili risultando ripetitivo, La piattaforma sembrava promuovere canzoni già virali o molto popolari, Ho percepito che artisti commerciali o di grandi etichette erano favoriti rispetto agli indipendenti","Le raccomandazioni non sembravano evolvere nemmeno dopo aver cambiato ciò che ascoltavo, Sembrava che la raccomandazione fosse pensata per promuovere qualcosa piuttosto che adattarsi ai miei gusti, Ho trovato lo stesso contenuto “di tendenza” su diverse piattaforme",NO,2,4
21,01/12/2025 20:51:32,5e68bd3b003be1000c6c4d25,Instagram,Stavo scrollando,Mi è apparsa Sabrina carpenter con la solita espresso super spammata,Sabrina Carpenter appeared to me with her usual super-spammed espresso.,PRE,PASSIVE,TR1_Presentation,NO,2,"La piattaforma sembrava promuovere canzoni già virali o molto popolari, Ho percepito che artisti commerciali o di grandi etichette erano favoriti rispetto agli indipendenti, Il sistema continuava a mostrarmi artisti o brani simili risultando ripetitivo","Ho trovato lo stesso contenuto “di tendenza” su diverse piattaforme, Mi sono sentito “intrappolatə” in un loop di contenuti già familiari, Il sistema sembrava ignorare scene musicali diverse o di nicchia a cui tengo., Sembrava che la raccomandazione fosse pensata per promuovere qualcosa piuttosto che adattarsi ai miei gusti",NO,2,4
22,01/12/2025 21:15:14,60ddf71e95896d2595f0e1a5,Spotify,Ascolto passivo,"Mi è apparso un pop up di un nuovo disco consigliato per me, di un artista sconosciuto che non ascolto di solito","A pop-up appeared recommending a new album for me, by an unknown artist that I don't usually listen to.",PRE,PASSIVE,TR1_Presentation,NO,2,Ho notato una sovrarappresentazione di artisti maschili o generi mainstream,"Sembrava che la raccomandazione fosse pensata per promuovere qualcosa piuttosto che adattarsi ai miei gusti, Le raccomandazioni mi sono sembrate stereotipate o influenzate da bias",NO,3,2
23,01/12/2025 21:24:46,60ddf71e95896d2595f0e1a5,Spotify,Ascolto passivo,Scrollando ho notato che le “novità del venerdi” era una playlist di canzoni già virali,"While scrolling, I noticed that the “Friday Releases” playlist consisted of songs that were already viral.",PRE,PASSIVE,TR2_Collection,NO,4,"Ho percepito che artisti commerciali o di grandi etichette erano favoriti rispetto agli indipendenti, La piattaforma sembrava promuovere canzoni già virali o molto popolari",Sembrava che la raccomandazione fosse pensata per promuovere qualcosa piuttosto che adattarsi ai miei gusti,NO,3,5
24,01/12/2025 22:26:01,6734c4c9540c828f442d4308,Spotify,Ascolto passivo,"Playlist non completata, ripetizioni delle stesse canzoni. Stavo guidando e quindi non ho reagito","The playlist wasn’t completed, with repetitions of the same songs. I was driving, so I didn’t react.",POST,PASSIVE,TR2_Collection,NO,5,Il sistema continuava a mostrarmi artisti o brani simili risultando ripetitivo,Non ne sono sicurə ma ha catturato la mia attenzione per qualche motivo,YES,3,3
25,01/12/2025 22:28:03,6734c4c9540c828f442d4308,Instagram,Stavo cercando qualcosa di specifico,È comparsa una pubblicità con all'interno una hit estiva,An advert featuring a summer hit has appeared.,PRE,ACTIVE,TR1_Presentation,NO,3,Ho percepito che artisti commerciali o di grandi etichette erano favoriti rispetto agli indipendenti,Sembrava che la raccomandazione fosse pensata per promuovere qualcosa piuttosto che adattarsi ai miei gusti,NO,2,3
26,01/12/2025 22:44:38,601705a0246e51313e8ed38e,Spotify,Ascolto passivo,"Mi è stato proposto un artista a me sconosciuto solo dopo sei canzoni, tendendo generalmente a consigliarmi artisti a me già noti.","An artist unknown to me was suggested to me only after six songs, generally tending to recommend artists already known to me.",POST,PASSIVE,TR2_Collection,NO,5,"Ho visto pochissime artiste donne o artisti non occidentali essere consigliati, Il sistema continuava a mostrarmi artisti o brani simili risultando ripetitivo, Non ne sono sicurə ma ha catturato la mia attenzione per qualche motivo, Non vengono proposti artisti nuovi spesso.",Mi sono sentito “intrappolatə” in un loop di contenuti già familiari,NO,3,3
27,01/12/2025 22:46:02,60ddf71e95896d2595f0e1a5,Spotify,Ascolto passivo,"Mi viene consigliato un mix di kendrik lamar, ma non lo ascolto mai ed è già molto molto famoso di suo","I'm recommended a Kendrick Lamar mix, but I never listen to him and he's already very, very famous in his own right.",PRE,PASSIVE,TR1_Presentation,NO,1,Ho percepito che artisti commerciali o di grandi etichette erano favoriti rispetto agli indipendenti,Sembrava che la raccomandazione fosse pensata per promuovere qualcosa piuttosto che adattarsi ai miei gusti,NO,2,5
28,01/12/2025 23:17:41,601705a0246e51313e8ed38e,Spotify,Stavo cercando qualcosa di specifico,"Ho notato le stesse raccomandazioni in radio diverse, nonostante la canzone di partenza non era poi così simile.","I noticed the same recommendations across different radios, even though the starting songs weren’t that similar.",PRE,ACTIVE,TR2_Collection,NO,4,Il sistema continuava a mostrarmi artisti o brani simili risultando ripetitivo,"Mi sono sentito “intrappolatə” in un loop di contenuti già familiari, Il sistema sembrava ignorare scene musicali diverse o di nicchia a cui tengo.",NO,3,4
29,02/12/2025 01:34:34,6056beff1b9debccd57761e0,YouTube,Stavo scrollando,"Ho interagito con dei contenuti di un musical che è uscito da poco sl cinema (wicked) e, per quanto sia interessanta, continuano ad uscirmi solo video a riguardo e di ariana grande (che è co-protagonista nel film). ","I interacted with content from a musical that was recently released in cinemas (Wicked) and, as interesting as it is, I keep seeing only videos about it and Ariana Grande (who co-stars in the film). ",PRE,PASSIVE,TR1_Presentation,YES,3,"Ho trovato difficile scoprire qualcosa di veramente nuovo o diverso, Il sistema continuava a mostrarmi artisti o brani simili risultando ripetitivo","Sembrava che la raccomandazione fosse pensata per promuovere qualcosa piuttosto che adattarsi ai miei gusti, Le raccomandazioni non sembravano evolvere nemmeno dopo aver cambiato ciò che ascoltavo, Mi sono sentito “intrappolatə” in un loop di contenuti già familiari",NO,3,5
30,02/12/2025 01:39:48,6056beff1b9debccd57761e0,YouTube,Stavo scrollando,"Mentre scrollo su shorts di youtube, mi escono a volte contenuti o video di artisti che io non ascolto ma che sono particolarmente famosi di recente come Sabrina Carpenter","While scrolling through YouTube shorts, I sometimes come across content or videos by artists I don't listen to but who are particularly famous recently, such as Sabrina Carpenter.",PRE,PASSIVE,TR1_Presentation,NO,3,"Ho percepito che artisti commerciali o di grandi etichette erano favoriti rispetto agli indipendenti, La piattaforma sembrava promuovere canzoni già virali o molto popolari","Sembrava che la raccomandazione fosse pensata per promuovere qualcosa piuttosto che adattarsi ai miei gusti, Il sistema sembrava ignorare scene musicali diverse o di nicchia a cui tengo.",NO,3,5
31,02/12/2025 08:09:12,60e5d3a91561c1746aa12a5e,Spotify,Stavo cercando qualcosa di specifico,Tre playlist diverse promosse da Spotify tutte con lo stesso artista in copertina,"Three different playlists promoted by Spotify, all featuring the same artist on the cover",PRE,ACTIVE,TR1_Presentation,NO,3,"Ho percepito che artisti commerciali o di grandi etichette erano favoriti rispetto agli indipendenti, Ho trovato difficile scoprire qualcosa di veramente nuovo o diverso, Il sistema continuava a mostrarmi artisti o brani simili risultando ripetitivo, La piattaforma sembrava promuovere canzoni già virali o molto popolari, Ho notato una sovrarappresentazione di artisti maschili o generi mainstream","Mi sono sentito “intrappolatə” in un loop di contenuti già familiari, Ho trovato lo stesso contenuto “di tendenza” su diverse piattaforme, Il sistema sembrava ignorare scene musicali diverse o di nicchia a cui tengo.",NO,2,3
32,02/12/2025 11:23:35,6734c4c9540c828f442d4308,Spotify,Ascolto passivo,"Ascoltavo una playlist, e mi sono stati consigliati brani che non erano inseriti in quest'ultima ","I was listening to a playlist, and I was recommended tracks that weren’t included in it.",POST,PASSIVE,TR3_Continuation,NO,4,Ho trovato difficile scoprire qualcosa di veramente nuovo o diverso,Mi sono sentito “intrappolatə” in un loop di contenuti già familiari,NO,3,4
33,02/12/2025 11:29:55,6734c4c9540c828f442d4308,TikTok,Stavo scrollando,"Con i vari trend in corso, può capitare che capitino sempre le stesse canzoni di sfondo ai video ","With the various trends currently underway, it may happen that the same background songs are always used in videos. ",PRE,PASSIVE,TR1_Presentation,YES,2,La piattaforma sembrava promuovere canzoni già virali o molto popolari,Ho trovato lo stesso contenuto “di tendenza” su diverse piattaforme,NO,4,3
34,02/12/2025 12:15:30,67235c9d9d3b60d42012c74a,Spotify,Stavo cercando qualcosa di specifico,"Ho cercato un mix rock ma non conteneva musica rock, solo musica che ascolto già solitamente","I searched for a rock mix, but it didn’t contain rock music—only music that I usually already listen to",PRE,ACTIVE,TR2_Collection,NO,4,"Non ne sono sicurə ma ha catturato la mia attenzione per qualche motivo, Ho trovato difficile scoprire qualcosa di veramente nuovo o diverso","Le raccomandazioni mi sono sembrate stereotipate o influenzate da bias, Le raccomandazioni non sembravano evolvere nemmeno dopo aver cambiato ciò che ascoltavo, Mi sono sentito “intrappolatə” in un loop di contenuti già familiari",NO,3,4
35,02/12/2025 14:11:56,60ddf71e95896d2595f0e1a5,Spotify,Ascolto passivo,"Nella “musica consigliata per oggi” ho notato che ci sono prevalentemente artisti uomini, di generi che non ascolto solitamente. Ho ignorato il suggerimento ","In the “recommended music for today” section, I noticed that there are mainly male artists, from genres that I don't usually listen to. I ignored the suggestion. ",PRE,PASSIVE,TR1_Presentation,NO,2,Ho notato una sovrarappresentazione di artisti maschili o generi mainstream,Le raccomandazioni mi sono sembrate stereotipate o influenzate da bias,YES,2,4
36,02/12/2025 14:16:34,60ddf71e95896d2595f0e1a5,Spotify,Stavo cercando qualcosa di specifico,"La playlist di “hit rap italiane” ha secondo me più del 90% canzoni di artisti maschili, anche vecchie, piuttosto che canzoni di artiste donne che magari sono virali. Ho dovuto scorrere fino alla dodicesima canzone per trovare  un brano di Anna","In my opinion, the “Hit Rap Italiane” playlist has over 90% songs by male artists, even older ones, rather than songs by female artists who might be viral. I had to scroll down to the twelfth track to find a song by Anna.",PRE,ACTIVE,TR2_Collection,NO,5,Ho notato una sovrarappresentazione di artisti maschili o generi mainstream,Le raccomandazioni mi sono sembrate stereotipate o influenzate da bias,YES,2,5
37,02/12/2025 15:12:59,60e5d3a91561c1746aa12a5e,Spotify,Stavo cercando qualcosa di specifico,"Stavo cercando la playlist mix di un cantante, che dovrebbe mettere assieme un tot di brani di quel cantante e poi di artisti vari nello stesso genere. C'erano, su 50 brani, solo 4 brani di donne. Altri tre invece erano dello stesso artista che c'entra ben poco, che però è molto famoso e spinto molto su social e piattaforme","I was looking for a mix playlist of a singer, which is supposed to combine a number of tracks by that singer and then songs by various artists in the same genre. Out of 50 tracks, only 4 were by women. Another three were by the same artist who has little to do with the genre, but is very famous and heavily promoted on social media and platforms.",PRE,ACTIVE,TR2_Collection,NO,4,"Ho percepito che artisti commerciali o di grandi etichette erano favoriti rispetto agli indipendenti, Ho notato una sovrarappresentazione di artisti maschili o generi mainstream, Ho visto pochissime artiste donne o artisti non occidentali essere consigliati","Ho trovato lo stesso contenuto “di tendenza” su diverse piattaforme, Il sistema sembrava ignorare scene musicali diverse o di nicchia a cui tengo.",NO,2,5
38,02/12/2025 16:22:43,6582f5dfb83c230e72711bbd,YouTube Music,Ascolto passivo,Stavo sentendo canzoni di genere hyperpop (di per sè molto underground) e a un certo punto mi sono spuntate delle canzoni di massimo pericolo e Leon faun che non c entrano praticamente niente,"I was listening to hyperpop songs (which are quite underground), and at some point, tracks by Massimo Pericolo and Leon Faun showed up, which have practically nothing to do with it.",POST,PASSIVE,TR3_Continuation,NO,3,"Ho percepito che artisti commerciali o di grandi etichette erano favoriti rispetto agli indipendenti, Ho notato una sovrarappresentazione di artisti maschili o generi mainstream, La piattaforma sembrava promuovere canzoni già virali o molto popolari, Ho trovato difficile scoprire qualcosa di veramente nuovo o diverso","Le raccomandazioni mi sono sembrate stereotipate o influenzate da bias, Il sistema sembrava ignorare scene musicali diverse o di nicchia a cui tengo., Sembrava che la raccomandazione fosse pensata per promuovere qualcosa piuttosto che adattarsi ai miei gusti",NO,2,4
39,02/12/2025 16:25:30,6582f5dfb83c230e72711bbd,YouTube Music,Stavo cercando qualcosa di specifico,Stavo ascoltando una canzone di xcarne che tral altro è una parodia e mi sono spuntati nei consigliati i linking park che non sono neanche pop/trap e salmo,"I was listening to a song by Xcarne, which is actually a parody, and in the recommended tracks Linkin Park appeared—even though they’re not pop/trap—along with Salmo.",POST,ACTIVE,TR3_Continuation,NO,5,"Ho percepito che artisti commerciali o di grandi etichette erano favoriti rispetto agli indipendenti, Ho trovato difficile scoprire qualcosa di veramente nuovo o diverso, La piattaforma sembrava promuovere canzoni già virali o molto popolari","Non ne sono sicurə ma ha catturato la mia attenzione per qualche motivo, Il sistema sembrava ignorare scene musicali diverse o di nicchia a cui tengo., Sembrava che la raccomandazione fosse pensata per promuovere qualcosa piuttosto che adattarsi ai miei gusti, Mi sono sentito “intrappolatə” in un loop di contenuti già familiari",NO,3,4
40,02/12/2025 16:43:12,5e68bd3b003be1000c6c4d25,Instagram,Stavo scrollando,Mi è apparso un reel con ariana grande che mi sembra abbastanza lontana dai miei gusti,"A reel appeared with Ariana Grande, which seems quite far from my tastes.",PRE,PASSIVE,TR1_Presentation,NO,2,"Ho percepito che artisti commerciali o di grandi etichette erano favoriti rispetto agli indipendenti, La piattaforma sembrava promuovere canzoni già virali o molto popolari",Sembrava che la raccomandazione fosse pensata per promuovere qualcosa piuttosto che adattarsi ai miei gusti,NO,2,4
41,02/12/2025 17:02:36,5e68bd3b003be1000c6c4d25,Instagram,Stavo scrollando,È apparso un reel su dua lipa,A reel appeared on Dua Lipa.,PRE,PASSIVE,TR1_Presentation,NO,2,"Il sistema continuava a mostrarmi artisti o brani simili risultando ripetitivo, Ho trovato difficile scoprire qualcosa di veramente nuovo o diverso, Ho percepito che artisti commerciali o di grandi etichette erano favoriti rispetto agli indipendenti, La piattaforma sembrava promuovere canzoni già virali o molto popolari","Le raccomandazioni non sembravano evolvere nemmeno dopo aver cambiato ciò che ascoltavo, Le raccomandazioni mi sono sembrate stereotipate o influenzate da bias, Ho trovato lo stesso contenuto “di tendenza” su diverse piattaforme, Sembrava che la raccomandazione fosse pensata per promuovere qualcosa piuttosto che adattarsi ai miei gusti",NO,2,4
42,02/12/2025 22:30:45,60ddf71e95896d2595f0e1a5,Spotify,Stavo cercando qualcosa di specifico,"Mi viene consigliato un album di Sfera ebbasta, già molto famoso e particolarmente vecchio, il che mi lascia stupita ","I am recommended an album by Sfera Ebbasta, already very famous and particularly old, which leaves me amazed. ",PRE,ACTIVE,TR1_Presentation,NO,4,"Ho trovato difficile scoprire qualcosa di veramente nuovo o diverso, La piattaforma sembrava promuovere canzoni già virali o molto popolari",Non ne sono sicurə ma ha catturato la mia attenzione per qualche motivo,YES,2,5
43,02/12/2025 22:54:11,67235c9d9d3b60d42012c74a,Spotify,Ascolto passivo,Spotify mi propone Taylor Swift che io non ho mai ascoltato solo perché é molto popolare,"Spotify suggests Taylor Swift to me, whom I have never listened to, just because she is very popular.",PRE,PASSIVE,TR1_Presentation,YES,4,"Ho trovato difficile scoprire qualcosa di veramente nuovo o diverso, La piattaforma sembrava promuovere canzoni già virali o molto popolari, Ho notato una sovrarappresentazione di artisti maschili o generi mainstream, Ho percepito che artisti commerciali o di grandi etichette erano favoriti rispetto agli indipendenti","Il sistema sembrava ignorare scene musicali diverse o di nicchia a cui tengo., Ho trovato lo stesso contenuto “di tendenza” su diverse piattaforme, Mi sono sentito “intrappolatə” in un loop di contenuti già familiari, Sembrava che la raccomandazione fosse pensata per promuovere qualcosa piuttosto che adattarsi ai miei gusti",NO,3,3
44,02/12/2025 22:55:55,67235c9d9d3b60d42012c74a,Spotify,Ascolto passivo,"Spotify, tra i brani consigliati, mi consiglia solo brani che sono già tra i miei like.","On Spotify, among the recommended tracks, it only suggests songs that are already in my likes.",POST,PASSIVE,TR3_Continuation,YES,3,"Ho trovato difficile scoprire qualcosa di veramente nuovo o diverso, La piattaforma sembrava promuovere canzoni già virali o molto popolari, Il sistema continuava a mostrarmi artisti o brani simili risultando ripetitivo","Mi sono sentito “intrappolatə” in un loop di contenuti già familiari, Le raccomandazioni mi sono sembrate stereotipate o influenzate da bias",NO,3,4
45,02/12/2025 22:57:37,6646052f36c0bd14aafa0f0f,Spotify,Stavo scrollando,"Stavo scrollando nella home di Spotify, e ho notato le “Stazioni radio più popolari”. Fra queste stazioni radio consigliate ci sono artisti che non ascolto molto, come Jovanotti","I was scrolling through the Spotify home page and noticed the “Most Popular Radio Stations”. Among these recommended radio stations are artists I don't listen to much, such as Jovanotti.",PRE,PASSIVE,TR1_Presentation,NO,2,"Non ne sono sicurə ma ha catturato la mia attenzione per qualche motivo, Ho percepito che artisti commerciali o di grandi etichette erano favoriti rispetto agli indipendenti",Sembrava che la raccomandazione fosse pensata per promuovere qualcosa piuttosto che adattarsi ai miei gusti,NO,3,4
46,02/12/2025 22:58:37,6646052f36c0bd14aafa0f0f,Spotify,Stavo scrollando,"Scrollando nella home di Spotify, ho notato la sezione “Scopri cosa abbiamo scelto per te”. In questa sezione ci sono brani di artisti che non hanno nulla a che fare con ciò che ascolto.","Scrolling through the Spotify home page, I noticed the section “Discover what we've chosen for you”. This section features songs by artists that have nothing to do with what I listen to.",PRE,PASSIVE,TR1_Presentation,NO,3,Non ne sono sicurə ma ha catturato la mia attenzione per qualche motivo,"Il sistema sembrava ignorare scene musicali diverse o di nicchia a cui tengo., Sembrava che la raccomandazione fosse pensata per promuovere qualcosa piuttosto che adattarsi ai miei gusti",NO,3,3
47,02/12/2025 23:00:15,6646052f36c0bd14aafa0f0f,Spotify,Ascolto passivo,"Dopo aver finito di ascoltare una playlist di musica rock, spotify ha cominciato la riproduzione di brani consigliati. Il primo brano a partire è un brano che non ha nulla a che vedere con la playlist, di Anna e Lazza.","After finishing a rock music playlist, Spotify started playing recommended tracks. The first track that played was completely unrelated to the playlist, it was by Anna and Lazza.",POST,PASSIVE,TR3_Continuation,NO,2,"La piattaforma sembrava promuovere canzoni già virali o molto popolari, Ho percepito che artisti commerciali o di grandi etichette erano favoriti rispetto agli indipendenti","Il sistema sembrava ignorare scene musicali diverse o di nicchia a cui tengo., Sembrava che la raccomandazione fosse pensata per promuovere qualcosa piuttosto che adattarsi ai miei gusti, Ho trovato lo stesso contenuto “di tendenza” su diverse piattaforme",NO,3,4
48,02/12/2025 23:01:45,67235c9d9d3b60d42012c74a,Spotify,Ascolto passivo,Spotify mi consiglia ancora una canzone che nei giorni passati ho skippato,Spotify is still recommending a song that I skipped in the past few days.,POST,PASSIVE,TR3_Continuation,NO,4,"Il sistema continuava a mostrarmi artisti o brani simili risultando ripetitivo, Ho trovato difficile scoprire qualcosa di veramente nuovo o diverso","Mi sono sentito “intrappolatə” in un loop di contenuti già familiari, Le raccomandazioni non sembravano evolvere nemmeno dopo aver cambiato ciò che ascoltavo, Sembrava che la raccomandazione fosse pensata per promuovere qualcosa piuttosto che adattarsi ai miei gusti",NO,3,3
49,02/12/2025 23:39:35,601705a0246e51313e8ed38e,Spotify,Stavo cercando qualcosa di specifico,"Ho notato spesso la raccomandazione di un gruppo che ho ascoltato un paio di volte, anche nella stessa radio, cosa che spesso non accade con altri artisti.","I have often noticed the recommendation of a group that I have listened to a couple of times, even on the same radio station, which is not often the case with other artists.",PRE,ACTIVE,TR2_Collection,NO,2,"Il sistema continuava a mostrarmi artisti o brani simili risultando ripetitivo, Ho percepito che artisti commerciali o di grandi etichette erano favoriti rispetto agli indipendenti",Sembrava che la raccomandazione fosse pensata per promuovere qualcosa piuttosto che adattarsi ai miei gusti,NO,3,4
50,02/12/2025 23:54:12,601705a0246e51313e8ed38e,Spotify,Ascolto passivo,"In una radio di un brano, un artista è stato proposto tre volte nei primi brani della radio, più degli altri.","On a radio station playing a particular song, one artist was played three times in the first few songs on the radio, more than any other artist.",POST,PASSIVE,TR2_Collection,NO,3,Il sistema continuava a mostrarmi artisti o brani simili risultando ripetitivo,"Non ne sono sicurə ma ha catturato la mia attenzione per qualche motivo, Mi sono sentito “intrappolatə” in un loop di contenuti già familiari, Il sistema sembrava ignorare scene musicali diverse o di nicchia a cui tengo.",NO,3,4
51,02/12/2025 23:57:10,601705a0246e51313e8ed38e,Spotify,Stavo cercando qualcosa di specifico,"Ho ricevuto due suggerimenti non proprio affini al brano da cui la radio si basava, il quale era breakbeat, mentre le raccomandazioni erano più sulla techno/hard techno.","I received two suggestions that weren’t really related to the track the radio was based on, which was breakbeat, while the recommendations leaned more toward techno/hard techno.",POST,ACTIVE,TR2_Collection,NO,3,"Non ne sono sicurə ma ha catturato la mia attenzione per qualche motivo, Proposte canzoni non pertinenti alla radio corrente.","Non ne sono sicurə ma ha catturato la mia attenzione per qualche motivo, Sembrava che la raccomandazione fosse pensata per promuovere qualcosa piuttosto che adattarsi ai miei gusti",NO,2,4
52,03/12/2025 01:12:04,60e5d3a91561c1746aa12a5e,TikTok,Stavo scrollando,Cercavo nuova musica ma mi uscivano solo canzoni tipo rock o pop rock degli anni 90-2000,"I was looking for new music, but all I could find were rock or pop rock songs from the 1990s and 2000s.",PRE,PASSIVE,TR1_Presentation,NO,5,Ho trovato difficile scoprire qualcosa di veramente nuovo o diverso,Mi sono sentito “intrappolatə” in un loop di contenuti già familiari,NO,2,5
53,03/12/2025 01:16:26,60e5d3a91561c1746aa12a5e,Spotify,Stavo scrollando,"Cercavo suggerimenti sui miei ascolti, continuano a uscire playlist che non c'entrano con quello che ascolto ","I was looking for suggestions on what to listen to, but I keep getting playlists that have nothing to do with what I listen to. ",PRE,PASSIVE,TR1_Presentation,NO,4,"La piattaforma sembrava promuovere canzoni già virali o molto popolari, Ho percepito che artisti commerciali o di grandi etichette erano favoriti rispetto agli indipendenti",Sembrava che la raccomandazione fosse pensata per promuovere qualcosa piuttosto che adattarsi ai miei gusti,NO,2,4
54,03/12/2025 08:47:36,60e5d3a91561c1746aa12a5e,Spotify,Stavo scrollando,"Aperto l'app, il primo video consigliato (senza disclaimer se sia o meno un annuncio) è di un'artista che non ho mai ascoltato e che non fa un genere che ascolto, ma che fa musica indirizzata a ragazze e teen","When I opened the app, the first recommended video (with no disclaimer as to whether or not it was an advert) was by an artist I had never heard of and who does not play the kind of music I listen to, but who makes music aimed at girls and teenagers.",PRE,ACTIVE,TR1_Presentation,NO,4,Mi è sembrato stereotipato,"Il sistema sembrava ignorare scene musicali diverse o di nicchia a cui tengo., Le raccomandazioni mi sono sembrate stereotipate o influenzate da bias",NO,3,3
55,03/12/2025 09:03:18,60ddf71e95896d2595f0e1a5,Spotify,Cercavo canzoni nuove per la playlist,"Ho notato che nei suggerimenti per canzoni nuove per la playlist erano presenti canzoni che già sono presenti in altre playlist, di artisti che già ascolto, e sono rimasta delusa","I noticed that in the suggestions for new songs for the playlist, there were tracks that were already in other playlists, by artists I already listen to, which left me disappointed.",PRE,ACTIVE,TR3_Continuation,NO,5,Ho trovato difficile scoprire qualcosa di veramente nuovo o diverso,Mi sono sentito “intrappolatə” in un loop di contenuti già familiari,YES,3,4
56,03/12/2025 09:07:44,60ddf71e95896d2595f0e1a5,Spotify,Stavo cercando qualcosa di specifico,"La sezione “consigliata per oggi” contiene gli stessi identici album di ieri, ho controllato piu volte per assicurarmi che fosse davvero cosi, mi sembra un po’ una presa in giro",The ‘recommended for today’ section contains the exact same albums as yesterday. I checked several times to make sure that was really the case. It seems a bit like a joke to me.,PRE,ACTIVE,TR1_Presentation,NO,5,Ho trovato difficile scoprire qualcosa di veramente nuovo o diverso,Non ne sono sicurə ma ha catturato la mia attenzione per qualche motivo,YES,2,3
57,03/12/2025 14:06:11,5e68bd3b003be1000c6c4d25,Instagram,Stavo scrollando,Il solito reel che spamma clara,The usual reel that spams Clara,PRE,PASSIVE,TR1_Presentation,NO,1,"Ho percepito che artisti commerciali o di grandi etichette erano favoriti rispetto agli indipendenti, La piattaforma sembrava promuovere canzoni già virali o molto popolari, Ho trovato difficile scoprire qualcosa di veramente nuovo o diverso","Le raccomandazioni mi sono sembrate stereotipate o influenzate da bias, Mi sono sentito “intrappolatə” in un loop di contenuti già familiari, Sembrava che la raccomandazione fosse pensata per promuovere qualcosa piuttosto che adattarsi ai miei gusti, Le raccomandazioni non sembravano evolvere nemmeno dopo aver cambiato ciò che ascoltavo",NO,2,4
58,03/12/2025 16:43:04,6646052f36c0bd14aafa0f0f,Spotify,Ascolto passivo,"Dopo aver finito di ascoltare una playlist indie, spotify ha cominciato la riproduzione di brani consigliati. Il primo brano a partire è un brano che è totalmente diverso dalla playlist, di Sfera Ebbasta e Shiva","After finishing an indie playlist, Spotify started playing recommended tracks. The first track that played was completely different from the playlist, it was by Sfera Ebbasta and Shiva.",POST,PASSIVE,TR3_Continuation,NO,2,Ho percepito che artisti commerciali o di grandi etichette erano favoriti rispetto agli indipendenti,"Ho trovato lo stesso contenuto “di tendenza” su diverse piattaforme, Sembrava che la raccomandazione fosse pensata per promuovere qualcosa piuttosto che adattarsi ai miei gusti",NO,3,4
59,03/12/2025 16:44:11,6646052f36c0bd14aafa0f0f,Spotify,Ascolto passivo,"Dopo aver finito di ascoltare una playlist creata per allenarmi, spotify ha cominciato la riproduzione di brani consigliati. Il brano a partire subito dopo è un brano di “RRARI DAL TACCO” completamente diverso da ciò che stavo ascoltando e da cosa ascolto di solito.","After finishing a playlist I had made for working out, Spotify started playing recommended tracks. The very next track was by “RRARI DAL TACCO,” completely different from what I had been listening to and from what I usually listen to.",POST,PASSIVE,TR3_Continuation,NO,2,"Ho percepito che artisti commerciali o di grandi etichette erano favoriti rispetto agli indipendenti, La piattaforma sembrava promuovere canzoni già virali o molto popolari","Sembrava che la raccomandazione fosse pensata per promuovere qualcosa piuttosto che adattarsi ai miei gusti, Il sistema sembrava ignorare scene musicali diverse o di nicchia a cui tengo.",NO,3,4
60,03/12/2025 16:45:19,6646052f36c0bd14aafa0f0f,Spotify,Stavo scrollando,"Scrollando nella home di spotify, ho notato la sezione “Altro di ciò che ti piace”. C’erano varie cose che effettivamente rispecchiano i miei gusti, ma poi ho notato “HOT HITS ITALIA” in cui erano presenti quasi tutti artisti che non ascolto e che non rientrano nei miei gusti.","Scrolling through the Spotify home page, I noticed the section “More of what you like”. There were various things that actually reflected my tastes, but then I noticed “HOT HITS ITALIA”, which featured almost all artists that I don't listen to and that don't suit my tastes.",PRE,PASSIVE,TR1_Presentation,NO,2,Non ne sono sicurə ma ha catturato la mia attenzione per qualche motivo,Il sistema sembrava ignorare scene musicali diverse o di nicchia a cui tengo.,NO,3,4
61,03/12/2025 19:20:57,60ddf71e95896d2595f0e1a5,Spotify,Stavo cercando qualcosa di specifico,"Vengono suggeriti in gran misura eventi musicali, concerti di artisti maschili, mi fa domandare se è un problema dell’algoritmo o sistemico, che va oltre ai temi di questo studio","Musical events and concerts by male artists are largely suggested, which makes me wonder whether this is a problem with the algorithm or a systemic issue that goes beyond the scope of this study.",PRE,ACTIVE,TR1_Presentation,NO,1,Ho visto pochissime artiste donne o artisti non occidentali essere consigliati,Non ne sono sicurə ma ha catturato la mia attenzione per qualche motivo,YES,3,4
62,03/12/2025 19:51:55,67235c9d9d3b60d42012c74a,Spotify,Stavo cercando qualcosa di specifico,"Ho notato come le diverse playlist proposte da Spotify, contengano le stesse identiche canzoni o stessi album degli stessi artisti.",I noticed that the various playlists suggested by Spotify contain the exact same songs or the same albums by the same artists.,PRE,ACTIVE,TR2_Collection,NO,4,"Il sistema continuava a mostrarmi artisti o brani simili risultando ripetitivo, Ho notato una sovrarappresentazione di artisti maschili o generi mainstream, La piattaforma sembrava promuovere canzoni già virali o molto popolari, Ho percepito che artisti commerciali o di grandi etichette erano favoriti rispetto agli indipendenti","Il sistema sembrava ignorare scene musicali diverse o di nicchia a cui tengo., Ho trovato lo stesso contenuto “di tendenza” su diverse piattaforme, Mi sono sentito “intrappolatə” in un loop di contenuti già familiari, Sembrava che la raccomandazione fosse pensata per promuovere qualcosa piuttosto che adattarsi ai miei gusti",NO,3,4
63,03/12/2025 19:55:27,67235c9d9d3b60d42012c74a,YouTube Music,Stavo cercando qualcosa di specifico,"Stavo guardando il video musicale di un artista poco conosciuto, e l’autoplay mi ha consigliato un’artista molto famosa subito dopo","I was watching the music video of a little-known artist, and autoplay recommended a very famous artist right after.",POST,ACTIVE,TR3_Continuation,NO,5,"Ho percepito che artisti commerciali o di grandi etichette erano favoriti rispetto agli indipendenti, Ho notato una sovrarappresentazione di artisti maschili o generi mainstream, La piattaforma sembrava promuovere canzoni già virali o molto popolari","Il sistema sembrava ignorare scene musicali diverse o di nicchia a cui tengo., Mi sono sentito “intrappolatə” in un loop di contenuti già familiari, Sembrava che la raccomandazione fosse pensata per promuovere qualcosa piuttosto che adattarsi ai miei gusti, Ho trovato lo stesso contenuto “di tendenza” su diverse piattaforme",NO,3,5
64,03/12/2025 20:01:28,67235c9d9d3b60d42012c74a,YouTube Music,Stavo cercando qualcosa di specifico,"Quando cerco il nome di un’artista italiana molto poco conosciuta, Youtube mi propone comunque canzoni di un’artista molto famosa.","When I search for the name of a little-known Italian artist, YouTube still suggests songs by a very famous artist.",PRE,ACTIVE,TR1_Presentation,NO,5,"Il sistema continuava a mostrarmi artisti o brani simili risultando ripetitivo, Ho percepito che artisti commerciali o di grandi etichette erano favoriti rispetto agli indipendenti, La piattaforma sembrava promuovere canzoni già virali o molto popolari","Mi sono sentito “intrappolatə” in un loop di contenuti già familiari, Le raccomandazioni mi sono sembrate stereotipate o influenzate da bias, Il sistema sembrava ignorare scene musicali diverse o di nicchia a cui tengo., Sembrava che la raccomandazione fosse pensata per promuovere qualcosa piuttosto che adattarsi ai miei gusti",NO,3,5
65,03/12/2025 20:33:50,6734c4c9540c828f442d4308,Spotify,Stavo cercando qualcosa di specifico,"Forse è una coincidenza, ma ho iniziato una serie TV e qualche giorno dopo un brano proveniente da essa mi è stato consigliato ","Perhaps it's a coincidence, but I started watching a television series and a few days later someone recommended a song from it to me. ",PRE,ACTIVE,TR1_Presentation,YES,2,Non ne sono sicurə ma ha catturato la mia attenzione per qualche motivo,"Non ne sono sicurə ma ha catturato la mia attenzione per qualche motivo, Sembrava che la raccomandazione fosse pensata per promuovere qualcosa piuttosto che adattarsi ai miei gusti",NO,3,2
66,03/12/2025 20:35:59,6734c4c9540c828f442d4308,Spotify,Stavo cercando qualcosa di specifico,Pubblicità di un cantante non attinente ai miei ascolti consueti,Advertisement for a singer not related to my usual listening habits,PRE,ACTIVE,TR1_Presentation,NO,4,La piattaforma sembrava promuovere canzoni già virali o molto popolari,"Non ne sono sicurə ma ha catturato la mia attenzione per qualche motivo, Il sistema sembrava ignorare scene musicali diverse o di nicchia a cui tengo., Sembrava che la raccomandazione fosse pensata per promuovere qualcosa piuttosto che adattarsi ai miei gusti",NO,3,4
67,03/12/2025 21:32:38,601705a0246e51313e8ed38e,Spotify,Ascolto passivo,"Scorrendo i brani della radio del brano, ho notato molte canzoni dello stesso artista, e dello stesso album, nella lista dei brani proposti, seppur non in modo estremamente palese. (Clark, https://open.spotify.com/playlist/37i9dQZF1E8OgPhiWPukzp?si=_qeiYGtQQ9W-7g5dVle1NQ&pi=pCuWNMdyRwGtu) ","While scrolling through the tracks in the radio for a song, I noticed many songs by the same artist and from the same album in the list of suggested tracks, even if not extremely obvious.",POST,ACTIVE,TR2_Collection,NO,2,Il sistema continuava a mostrarmi artisti o brani simili risultando ripetitivo,Sembrava che la raccomandazione fosse pensata per promuovere qualcosa piuttosto che adattarsi ai miei gusti,NO,3,4
68,03/12/2025 21:39:37,601705a0246e51313e8ed38e,Spotify,Stavo cercando qualcosa di specifico,"Stessa cosa successa in un evento registrato precedentemente, ho notato più suggerimenti di brani della stessa release, dello stesso artista nelle varie raccomandazioni a partire della radio del brano. (Clark, Imperieux https://open.spotify.com/playlist/37i9dQZF1E8Pb2RlfhhO7T?si=SArMLKLRQ96VaJkQrS7bhQ&pi=WrBhECDRS8GuwIl) ","The same thing happened during a previously recorded event—I noticed multiple suggestions of tracks from the same release, by the same artist, appearing repeatedly in the recommendations starting from the track’s radio.",POST,ACTIVE,TR2_Collection,NO,2,"Ho visto pochissime artiste donne o artisti non occidentali essere consigliati, Il sistema continuava a mostrarmi artisti o brani simili risultando ripetitivo","Non ne sono sicurə ma ha catturato la mia attenzione per qualche motivo, Sembrava che la raccomandazione fosse pensata per promuovere qualcosa piuttosto che adattarsi ai miei gusti",NO,2,5
69,03/12/2025 21:55:16,601705a0246e51313e8ed38e,Spotify,Stavo cercando qualcosa di specifico,"Ho notato che i suggerimenti di un brano di un artista donna erano principalmente di artisti uomini, e le uniche prime raccomandazioni di pezzi da parte di artiste erano altri brani dell'artista che ha fatto il pezzo su cui la radio era basata. (oklou, https://open.spotify.com/playlist/37i9dQZF1E8NVw9jrdTAYx?si=7kE2T_PlSbuuYQHw4k4Fjg&pi=B_K1Wu3pRQ6JY) ","I noticed that the suggestions for a track by a female artist were mostly male artists, and the only initial recommendations of tracks by female artists were other songs by the same artist the radio was based on.",POST,ACTIVE,TR2_Collection,NO,4,"Non ne sono sicurə ma ha catturato la mia attenzione per qualche motivo, Ho visto pochissime artiste donne o artisti non occidentali essere consigliati",Non ne sono sicurə ma ha catturato la mia attenzione per qualche motivo,NO,3,3
70,03/12/2025 23:43:19,5e68bd3b003be1000c6c4d25,Instagram,Stavo scrollando,Mi è apparso l’ennesimo reel su clara,Yet another reel about Clara popped up.,PRE,ACTIVE,TR1_Presentation,NO,2,"Il sistema continuava a mostrarmi artisti o brani simili risultando ripetitivo, Ho percepito che artisti commerciali o di grandi etichette erano favoriti rispetto agli indipendenti, Ho trovato difficile scoprire qualcosa di veramente nuovo o diverso, La piattaforma sembrava promuovere canzoni già virali o molto popolari","Ho trovato lo stesso contenuto “di tendenza” su diverse piattaforme, Sembrava che la raccomandazione fosse pensata per promuovere qualcosa piuttosto che adattarsi ai miei gusti, Il sistema sembrava ignorare scene musicali diverse o di nicchia a cui tengo.",NO,2,4
71,04/12/2025 02:35:16,6582f5dfb83c230e72711bbd,YouTube Music,Stavo cercando qualcosa di specifico,"Ascoltando fuckyourclique, sono apparsi nei seguiti, t'hasupreme che è trap e salmo ","While listening to Fuckyourclique, the following tracks that appeared included T’Hasupreme, which is trap, and Salmo.",POST,PASSIVE,TR3_Continuation,NO,5,"Il sistema continuava a mostrarmi artisti o brani simili risultando ripetitivo, La piattaforma sembrava promuovere canzoni già virali o molto popolari, Ho percepito che artisti commerciali o di grandi etichette erano favoriti rispetto agli indipendenti, Ho notato una sovrarappresentazione di artisti maschili o generi mainstream","Le raccomandazioni mi sono sembrate stereotipate o influenzate da bias, Mi sono sentito “intrappolatə” in un loop di contenuti già familiari",NO,3,3
72,04/12/2025 02:44:12,6582f5dfb83c230e72711bbd,Spotify,Ascolto passivo,"Stavo guardando le playlist che Spotify mi ha creato, e ho visto che ha creato una playlist con pophit e narcolessia che fanno hyperpop, e poi c ê Liltagliagole che non ascolto perché non mi piace e fà trap e non c entra niente con l hyperpop","I was looking at the playlists Spotify created for me, and I saw that it created a playlist with Pophit and Narcolessia, who make hyperpop, and then there's Liltagliagole, who I don't listen to because I don't like him and he makes trap music, which has nothing to do with hyperpop.",PRE,ACTIVE,TR2_Collection,NO,4,Ho notato una sovrarappresentazione di artisti maschili o generi mainstream,"Mi sono sentito “intrappolatə” in un loop di contenuti già familiari, Il sistema sembrava ignorare scene musicali diverse o di nicchia a cui tengo.",NO,2,4
73,04/12/2025 02:49:01,6582f5dfb83c230e72711bbd,Spotify,Ascolto passivo,"Stavo sentendo Eminem inizialmente, andando avanti con le canzoni mi ha messo in automatico prima del metal tipo metallica e emmure, per poi passare a i the koolors (prima altre canzoni un po' più famose e anno 2000) e nei seguiti, mi dà altri generi completamente diversi, come madame e sfera ebbasta, ma anche thegiornalisti o ghali","I was listening to Eminem at first, and as the songs progressed, it automatically played metal tracks like Metallica and Emmure. Then it moved to The Kolors (earlier, some more popular 2000s songs), and after that, in the following suggestions, it gave me completely different genres, like Madame and Sfera Ebbasta, but also Thegiornalisti and Ghali.",POST,PASSIVE,TR3_Continuation,NO,2,"La piattaforma sembrava promuovere canzoni già virali o molto popolari, Ho notato una sovrarappresentazione di artisti maschili o generi mainstream, Ho percepito che artisti commerciali o di grandi etichette erano favoriti rispetto agli indipendenti, Ho visto pochissime artiste donne o artisti non occidentali essere consigliati, Ho trovato difficile scoprire qualcosa di veramente nuovo o diverso","Ho trovato lo stesso contenuto “di tendenza” su diverse piattaforme, Sembrava che la raccomandazione fosse pensata per promuovere qualcosa piuttosto che adattarsi ai miei gusti",NO,2,5
74,04/12/2025 02:56:05,6582f5dfb83c230e72711bbd,Spotify,Stavo cercando qualcosa di specifico,"Sta mattina ascoltando rancore, mi era spuntato nei seguiti, Noyz narcos che è un genere rap di strada, che non c entra completamente con Rancore","This morning, while listening to Rancore, Noyz Narcos appeared in the following tracks. He’s street rap, which has nothing to do with Rancore.",POST,PASSIVE,TR3_Continuation,NO,3,"Ho percepito che artisti commerciali o di grandi etichette erano favoriti rispetto agli indipendenti, Ho trovato difficile scoprire qualcosa di veramente nuovo o diverso, Ho notato una sovrarappresentazione di artisti maschili o generi mainstream","Sembrava che la raccomandazione fosse pensata per promuovere qualcosa piuttosto che adattarsi ai miei gusti, Il sistema sembrava ignorare scene musicali diverse o di nicchia a cui tengo.",NO,3,5
75,04/12/2025 10:23:34,60e5d3a91561c1746aa12a5e,Spotify,Appena aperto l'app ,"Spotify continua a propormi questa nuova uscita di Taylor Swift, l'avrò vista 5 volte negli ultimi giorni, praticamente ogni giorno da quando è uscita. Mi sembra insistente ","Spotify keeps suggesting Taylor Swift's new release to me. I must have seen it five times in the last few days, practically every day since it came out. It seems a bit insistent. ",PRE,ACTIVE,TR1_Presentation,NO,4,Il sistema continuava a mostrarmi artisti o brani simili risultando ripetitivo,Ho trovato lo stesso contenuto “di tendenza” su diverse piattaforme,YES,2,4
76,04/12/2025 11:21:49,6056beff1b9debccd57761e0,Instagram,Stavo scrollando,"Nonostante abbia disinstallato instagram nelle settimane passate, appena l’ho rinstallato, mi vengono subito suggeriti molti video relativi a wicked e ariana grande. ","Although I uninstalled Instagram a few weeks ago, as soon as I reinstalled it, I was immediately shown lots of videos related to Wicked and Ariana Grande. ",PRE,PASSIVE,TR1_Presentation,NO,3,"La piattaforma sembrava promuovere canzoni già virali o molto popolari, Il sistema continuava a mostrarmi artisti o brani simili risultando ripetitivo","Il sistema sembrava ignorare scene musicali diverse o di nicchia a cui tengo., Mi sono sentito “intrappolatə” in un loop di contenuti già familiari, Ho trovato lo stesso contenuto “di tendenza” su diverse piattaforme",NO,3,5
77,04/12/2025 11:31:28,6056beff1b9debccd57761e0,Instagram,Stavo scrollando,"Ho notato che attualmente mi vengono proposte cantanti simili tra loro. Nonostante in realtà abbia disinstallato instagram per qualche settimana, e non abbia interagito con nessun artista in particolare.Conosco le cantanti che mi vengono proposte, però non le ascolto tantissimo, per cui penso che mi vengano proposte perché ultimamamente stanno riscuotendo molto successo. Sono personaggi che ammiro, ma mi sembra come se il feed fosse monotematico","I've noticed that I'm currently being recommended singers who are similar to each other. Even though I actually uninstalled Instagram for a few weeks and haven't interacted with any particular artists. I know the singers I'm being recommended, but I don't listen to them that much, so I think I'm being recommended them because they've been very successful lately. They're people I admire, but it feels like the feed is monotonous.",PRE,PASSIVE,TR1_Presentation,YES,3,"Il sistema continuava a mostrarmi artisti o brani simili risultando ripetitivo, Ho trovato difficile scoprire qualcosa di veramente nuovo o diverso, La piattaforma sembrava promuovere canzoni già virali o molto popolari","Ho trovato lo stesso contenuto “di tendenza” su diverse piattaforme, Mi sono sentito “intrappolatə” in un loop di contenuti già familiari, Il sistema sembrava ignorare scene musicali diverse o di nicchia a cui tengo., Sembrava che la raccomandazione fosse pensata per promuovere qualcosa piuttosto che adattarsi ai miei gusti",YES,3,5
78,04/12/2025 11:38:09,6056beff1b9debccd57761e0,Instagram,Stavo scrollando,"Sul mio feed ci sono solo donne. Non vedo artisti uomini, potrebbe essere colpa mia, dato che interagisco di più con contenuti relativi ad artisti donne, ma praticamente è stato eliminato il genere maschile dal mio feed","There are only women on my feed. I don't see any male artists, which could be my fault, since I interact more with content related to female artists, but basically the male gender has been eliminated from my feed.",PRE,PASSIVE,TR1_Presentation,YES,4,"Il sistema continuava a mostrarmi artisti o brani simili risultando ripetitivo, Ho vusto pochissimi artisti uomini essere consigliati","Il sistema sembrava ignorare scene musicali diverse o di nicchia a cui tengo., Le raccomandazioni mi sono sembrate stereotipate o influenzate da bias, Mi sono sentito “intrappolatə” in un loop di contenuti già familiari",NO,3,5
79,04/12/2025 11:56:11,6056beff1b9debccd57761e0,Apple Music,Ascolto passivo,"ho visto un reel di una canzone di Ariana Grande e l’ho cercata su apple music perchè volevo riascoltarla, lasciando poi la playlist continuare autonomamente con i suggerimenti di apple music. Ho notato che le artiste che mi venivano proposte dopo Ariana grande erano tutte donne e troye sivan","I saw a reel of an Ariana Grande song and looked it up on Apple Music because I wanted to listen to it again, then let the playlist continue automatically with Apple Music’s suggestions. I noticed that the artists suggested after Ariana Grande were all women, plus Troye Sivan.",POST,PASSIVE,TR3_Continuation,NO,3,Suggerimenti biased?,"Le raccomandazioni mi sono sembrate stereotipate o influenzate da bias, Perchè ascolto tantissimi artisti e, dando un occhio alla mia playlist, c’è molta più variabilità sui tipi di artisti che ascolto",NO,3,4
80,04/12/2025 16:32:24,60e5d3a91561c1746aa12a5e,Spotify,Stavo cercando qualcosa di specifico,"Stavo cercando una playlist pop di brani cantanti da donne. Tra tutti e 50 i brani, solo 3 erano di donne non bianche","I was looking for a pop playlist of songs sung by women. Out of all 50 tracks, only 3 were by non-white women.",PRE,ACTIVE,TR2_Collection,NO,5,"Ho visto pochissime artiste donne o artisti non occidentali essere consigliati, Ho percepito che artisti commerciali o di grandi etichette erano favoriti rispetto agli indipendenti, La piattaforma sembrava promuovere canzoni già virali o molto popolari",Le raccomandazioni mi sono sembrate stereotipate o influenzate da bias,NO,2,5
81,04/12/2025 18:26:25,60ddf71e95896d2595f0e1a5,Spotify,Stavo cercando qualcosa di specifico,"I suggerimenti consigliati sulla base di un artista che ascolto sono quasi interamente album gia molto famosi, datati e di artisti maschi","The recommendations based on an artist I listen to are almost entirely albums that are already very famous, dated, and by male artists.",PRE,ACTIVE,TR1_Presentation,NO,5,Ho trovato difficile scoprire qualcosa di veramente nuovo o diverso,Non ne sono sicurə ma ha catturato la mia attenzione per qualche motivo,NO,3,5
82,04/12/2025 19:33:40,5e68bd3b003be1000c6c4d25,Spotify,Esploravo la sezione discover di spotify,"Tra le prime proposte c’erano i maneskin, che sinceramente non apprezzo e non mi sembrano particolarmente a fuoco come raccomandazione per me","Among the first suggestions were Maneskin, whom I honestly do not appreciate and do not find particularly relevant as a recommendation for me.",PRE,ACTIVE,TR1_Presentation,NO,1,"La piattaforma sembrava promuovere canzoni già virali o molto popolari, Ho percepito che artisti commerciali o di grandi etichette erano favoriti rispetto agli indipendenti, Ho trovato difficile scoprire qualcosa di veramente nuovo o diverso",Sembrava che la raccomandazione fosse pensata per promuovere qualcosa piuttosto che adattarsi ai miei gusti,NO,3,5
83,04/12/2025 20:40:28,6734c4c9540c828f442d4308,Spotify,Ascolto passivo,Raccomandazioni ripetitive,Repetitive recommendations.,POST,PASSIVE,TR1_Presentation,NO,4,"Ho trovato difficile scoprire qualcosa di veramente nuovo o diverso, Ho visto pochissime artiste donne o artisti non occidentali essere consigliati",Non ne sono sicurə ma ha catturato la mia attenzione per qualche motivo,NO,3,3
84,04/12/2025 21:33:02,601705a0246e51313e8ed38e,Spotify,Ascolto passivo,"Ho notato che in una radio di un artista sono state inseriti molte brani di uno specifico album, molto di più di altri artisti o album.","I noticed that in a radio for an artist, many tracks from a specific album were included—much more than from other artists or albums.",POST,PASSIVE,TR2_Collection,NO,1,"Ho percepito che artisti commerciali o di grandi etichette erano favoriti rispetto agli indipendenti, Non ne sono sicurə ma ha catturato la mia attenzione per qualche motivo",Non ne sono sicurə ma ha catturato la mia attenzione per qualche motivo,NO,2,4
85,04/12/2025 21:46:41,601705a0246e51313e8ed38e,Spotify,Stavo cercando qualcosa di specifico,"Ho notato che più spesso, in più radio diverse, questa sera, mi è stato proposto un gruppo quasi sempre tra i primi brani delle varie radio.","I noticed that, more often tonight across several different radios, a certain group was suggested almost always among the first tracks in each radio.",PRE,ACTIVE,TR2_Collection,NO,2,"Il sistema continuava a mostrarmi artisti o brani simili risultando ripetitivo, Non ne sono sicurə ma ha catturato la mia attenzione per qualche motivo","Non ne sono sicurə ma ha catturato la mia attenzione per qualche motivo, Mi sono sentito “intrappolatə” in un loop di contenuti già familiari",NO,2,4
86,04/12/2025 21:49:09,601705a0246e51313e8ed38e,Spotify,"Stavo controllando le playlist ""editoriali"" create per me","Ho trovato curiosa l'abbondanza e il placement di così tante canzoni di Nia Archives, artista che conosco e apprezzo, ma sicuramente allo stesso tempo è un nome ""caldo"" nella scena.","I found the abundance and placement of so many songs by Nia Archives curious—an artist I know and appreciate, but who is also clearly a “hot” name in the scene right now.",PRE,ACTIVE,TR2_Collection,YES,2,"Ho percepito che artisti commerciali o di grandi etichette erano favoriti rispetto agli indipendenti, Non ne sono sicurə ma ha catturato la mia attenzione per qualche motivo, La piattaforma sembrava promuovere canzoni già virali o molto popolari","Non ne sono sicurə ma ha catturato la mia attenzione per qualche motivo, Le raccomandazioni mi sono sembrate stereotipate o influenzate da bias",YES,3,3
87,04/12/2025 22:06:24,67235c9d9d3b60d42012c74a,Spotify,Stavo cercando qualcosa di specifico,Stavo ascoltando una canzone di un artista underground che non avevo mai ascoltato e i consigliati mi hanno riprodotto una canzone che é già tra i miei like e che ascolto regolarmente,"I was listening to a song by an underground artist I had never heard before, and the recommended tracks played a song that’s already in my likes and that I listen to regularly.",POST,PASSIVE,TR3_Continuation,NO,3,"La piattaforma sembrava promuovere canzoni già virali o molto popolari, Il sistema continuava a mostrarmi artisti o brani simili risultando ripetitivo, Ho trovato difficile scoprire qualcosa di veramente nuovo o diverso","Mi sono sentito “intrappolatə” in un loop di contenuti già familiari, Non ne sono sicurə ma ha catturato la mia attenzione per qualche motivo",NO,3,4
88,04/12/2025 22:08:29,67235c9d9d3b60d42012c74a,YouTube Music,Stavo cercando qualcosa di specifico,"Nonostante stessi ascoltando la musica di un’artista molto poco conosciuta, Youtube mi propone un’artista estremamente conosciuta subito dopo","Even though I was listening to music by a very little-known artist, YouTube recommended an extremely famous artist right afterward.",POST,PASSIVE,TR3_Continuation,NO,4,"Ho notato una sovrarappresentazione di artisti maschili o generi mainstream, Il sistema continuava a mostrarmi artisti o brani simili risultando ripetitivo, La piattaforma sembrava promuovere canzoni già virali o molto popolari","Ho trovato lo stesso contenuto “di tendenza” su diverse piattaforme, Mi sono sentito “intrappolatə” in un loop di contenuti già familiari",NO,3,4
89,04/12/2025 22:20:27,67235c9d9d3b60d42012c74a,Spotify,Ascolto passivo,"Mi sono accorta come diverse playlist proposte da Spotify abbiano le stesse identiche canzoni, popolari al momento e appena uscite","I noticed that several playlists suggested by Spotify have the exact same songs, which are popular at the moment and have just been released.",POST,ACTIVE,TR2_Collection,YES,4,"Non ne sono sicurə ma ha catturato la mia attenzione per qualche motivo, Ho percepito che artisti commerciali o di grandi etichette erano favoriti rispetto agli indipendenti, Ho notato una sovrarappresentazione di artisti maschili o generi mainstream, La piattaforma sembrava promuovere canzoni già virali o molto popolari","Il sistema sembrava ignorare scene musicali diverse o di nicchia a cui tengo., Ho trovato lo stesso contenuto “di tendenza” su diverse piattaforme, Sembrava che la raccomandazione fosse pensata per promuovere qualcosa piuttosto che adattarsi ai miei gusti, Mi sono sentito “intrappolatə” in un loop di contenuti già familiari",NO,3,4
90,04/12/2025 23:44:17,6646052f36c0bd14aafa0f0f,Spotify,Ascolto passivo,"Dopo aver finito di ascoltare una playlist di un utente, spotify ha cominciato la riproduzione di brani consigliati. Il brano a partire subito dopo è un brano di Tony Effe, che non ascolto.","After finishing a user’s playlist, Spotify started playing recommended tracks. The very next track was by Tony Effe, which I don’t usually listen to.",POST,PASSIVE,TR3_Continuation,NO,2,"La piattaforma sembrava promuovere canzoni già virali o molto popolari, Ho percepito che artisti commerciali o di grandi etichette erano favoriti rispetto agli indipendenti",Sembrava che la raccomandazione fosse pensata per promuovere qualcosa piuttosto che adattarsi ai miei gusti,NO,3,4
91,04/12/2025 23:45:29,6646052f36c0bd14aafa0f0f,Spotify,Stavo cercando qualcosa di specifico,"Scrollando nella home di spotify mentre cercavo una mia playlist, ho notato la sezione “I più grandi successi di oggi”. Ho notato suggerimenti di artisti come Shiva e altri che non ascolto.","While scrolling through the Spotify home page looking for one of my playlists, I noticed the section “Today's Top Hits”. I noticed suggestions for artists such as Shiva and others that I don't listen to.",PRE,PASSIVE,TR1_Presentation,NO,2,Ho percepito che artisti commerciali o di grandi etichette erano favoriti rispetto agli indipendenti,Sembrava che la raccomandazione fosse pensata per promuovere qualcosa piuttosto che adattarsi ai miei gusti,NO,3,4
92,04/12/2025 23:46:49,6646052f36c0bd14aafa0f0f,Spotify,Stavo scrollando,"Scrollando nella home di spotify, ho notato la sezione “Stazioni radio più popolari”. C’erano varie radio che rispecchiavano i miei gusti, ma poi ho notato suggerimenti di artisti come Olly, che non ascolto.","Scrolling through the Spotify home page, I noticed the “Most Popular Radio Stations” section. There were several radio stations that reflected my tastes, but then I noticed suggestions for artists such as Olly, whom I do not listen to.",PRE,PASSIVE,TR1_Presentation,NO,3,Ho percepito che artisti commerciali o di grandi etichette erano favoriti rispetto agli indipendenti,"Le raccomandazioni mi sono sembrate stereotipate o influenzate da bias, Sembrava che la raccomandazione fosse pensata per promuovere qualcosa piuttosto che adattarsi ai miei gusti",NO,3,4
93,04/12/2025 23:46:58,60ddf71e95896d2595f0e1a5,Spotify,Esplorando suggerimenti,Nel “release radar” sono presenti in gran misura artisti maschili / pochissimi singoli di artiste donne senza collaborazioni. Avrei preferito che venissero considerati un po’ tutti gli artisti che ascolto,The ‘release radar’ features mostly male artists and very few singles by female artists without collaborations. I would have preferred if all the artists I listen to had been considered.,PRE,ACTIVE,TR2_Collection,NO,5,Ho visto pochissime artiste donne o artisti non occidentali essere consigliati,Le raccomandazioni mi sono sembrate stereotipate o influenzate da bias,YES,3,4
94,04/12/2025 23:53:07,60ddf71e95896d2595f0e1a5,Spotify,Esplorando suggerimenti,"Nelle playlist create apposta per me vedo che la seconda di importanza  sono artisti, generi, che ascoltavo diversi anni fa. Questo mi fa pensare che l’algoritmo valorizzi ancora gli ascolti di quel genere nonostante sia da diversi anni che non lo ascolto piu affatto, e non ho intenzione di riprodurre la playlist","In the playlists created specifically for me, I see that the second most important ones are artists and genres that I listened to several years ago. This makes me think that the algorithm still values listening to that genre, even though I haven't listened to it at all for several years, and I have no intention of playing the playlist.",PRE,ACTIVE,TR1_Presentation,YES,5,Non ne sono sicurə ma ha catturato la mia attenzione per qualche motivo,"Mi sono sentito “intrappolatə” in un loop di contenuti già familiari, Le raccomandazioni non sembravano evolvere nemmeno dopo aver cambiato ciò che ascoltavo, ",YES,2,2
95,05/12/2025 00:07:41,60e5d3a91561c1746aa12a5e,Spotify,Stavo scrollando,"Spotify mi consiglia playlist che non c'entrano niente con i miei gusti, nella schermata home",Spotify recommends playlists that have nothing to do with my tastes on the home screen.,PRE,PASSIVE,TR1_Presentation,NO,5,"Ho percepito che artisti commerciali o di grandi etichette erano favoriti rispetto agli indipendenti, Il sistema continuava a mostrarmi artisti o brani simili risultando ripetitivo, La piattaforma sembrava promuovere canzoni già virali o molto popolari",Il sistema sembrava ignorare scene musicali diverse o di nicchia a cui tengo.,NO,3,3
96,05/12/2025 01:09:35,6582f5dfb83c230e72711bbd,Spotify,Stavo cercando qualcosa di specifico,"Oltre al fatto che cercando Mara Sattei mi sono usciti i fuckyourclique che non c entrano assolutamente nulla, nei seguiti è uscito rancore e naska che comunque è un genere che non c entra molto ","In addition to the fact that when I searched for Mara Sattei, I got results for fuckyourclique, which has absolutely nothing to do with it, in the follow-ups I got results for rancore and naska, which is a genre that doesn't have much to do with it either. ",PRE,ACTIVE,TR1_Presentation,NO,4,"Ho trovato difficile scoprire qualcosa di veramente nuovo o diverso, Ho visto pochissime artiste donne o artisti non occidentali essere consigliati, Ho notato una sovrarappresentazione di artisti maschili o generi mainstream","Mi sono sentito “intrappolatə” in un loop di contenuti già familiari, Le raccomandazioni mi sono sembrate stereotipate o influenzate da bias",NO,2,4
97,05/12/2025 01:12:36,6582f5dfb83c230e72711bbd,Spotify,Stavo scrollando,"Scrollando su Spotify mi è apparso: brani consigliati in base a rancore, e poi ha suggerito Caparezza, Noyz narcos, Fabri fibra e l unico cantante che effettivamente è molto simile club dogo, ma gli altri non c entrano nulla ","Scrolling through Spotify, I saw: recommended songs based on resentment, and then it suggested Caparezza, Noyz Narcos, Fabri Fibra and the only singer who is actually very similar, Club Dogo, but the others have nothing to do with it. ",PRE,PASSIVE,TR1_Presentation,NO,4,"Ho trovato difficile scoprire qualcosa di veramente nuovo o diverso, Non ne sono sicurə ma ha catturato la mia attenzione per qualche motivo, Ho percepito che artisti commerciali o di grandi etichette erano favoriti rispetto agli indipendenti, Il sistema continuava a mostrarmi artisti o brani simili risultando ripetitivo, La piattaforma sembrava promuovere canzoni già virali o molto popolari, Ho notato una sovrarappresentazione di artisti maschili o generi mainstream","Sembrava che la raccomandazione fosse pensata per promuovere qualcosa piuttosto che adattarsi ai miei gusti, Il sistema sembrava ignorare scene musicali diverse o di nicchia a cui tengo., Le raccomandazioni mi sono sembrate stereotipate o influenzate da bias, Mi sono sentito “intrappolatə” in un loop di contenuti già familiari",NO,2,5
98,05/12/2025 01:16:24,6582f5dfb83c230e72711bbd,YouTube Music,Stavo cercando qualcosa di specifico,"Ascoltando bassi maestro mi ha consigliato Noyz narcos, (me lo hanno consigliato sempre sia su Spotify che YT music tral altro)","While listening to Bassi Maestro, it recommended Noyz Narcos (they’ve suggested him to me before on both Spotify and YouTube Music, among others).",POST,PASSIVE,TR3_Continuation,NO,2,"Il sistema continuava a mostrarmi artisti o brani simili risultando ripetitivo, Ho notato una sovrarappresentazione di artisti maschili o generi mainstream, Ho percepito che artisti commerciali o di grandi etichette erano favoriti rispetto agli indipendenti, La piattaforma sembrava promuovere canzoni già virali o molto popolari, Non ne sono sicurə ma ha catturato la mia attenzione per qualche motivo","Mi sono sentito “intrappolatə” in un loop di contenuti già familiari, Sembrava che la raccomandazione fosse pensata per promuovere qualcosa piuttosto che adattarsi ai miei gusti, Ho trovato lo stesso contenuto “di tendenza” su diverse piattaforme, Le raccomandazioni non sembravano evolvere nemmeno dopo aver cambiato ciò che ascoltavo, Le raccomandazioni mi sono sembrate stereotipate o influenzate da bias",NO,2,5
99,05/12/2025 01:37:01,6582f5dfb83c230e72711bbd,YouTube Music,Stavo cercando qualcosa di specifico,"Ascoltando mezzosangue, mi ha messo per l ennesima volta Noyz narcos nella riproduzione automatica (genere completamente diverso)","While listening to Mezzosangue, it played Noyz Narcos yet again in autoplay—a completely different genre.",POST,PASSIVE,TR3_Continuation,NO,1,"La piattaforma sembrava promuovere canzoni già virali o molto popolari, Ho notato una sovrarappresentazione di artisti maschili o generi mainstream, Non ne sono sicurə ma ha catturato la mia attenzione per qualche motivo, Ho percepito che artisti commerciali o di grandi etichette erano favoriti rispetto agli indipendenti, Il sistema continuava a mostrarmi artisti o brani simili risultando ripetitivo","Sembrava che la raccomandazione fosse pensata per promuovere qualcosa piuttosto che adattarsi ai miei gusti, Il sistema sembrava ignorare scene musicali diverse o di nicchia a cui tengo., Le raccomandazioni non sembravano evolvere nemmeno dopo aver cambiato ciò che ascoltavo, Le raccomandazioni mi sono sembrate stereotipate o influenzate da bias, Mi sono sentito “intrappolatə” in un loop di contenuti già familiari, Ho trovato lo stesso contenuto “di tendenza” su diverse piattaforme",NO,2,5
100,05/12/2025 14:45:08,5e68bd3b003be1000c6c4d25,Spotify,Ascolto passivo,"Mi è stato proposto alfa con a me mi piace, mi sembra una canzone già sufficientemente conosciuta e non credo ci sia ancora bisogno di spammarla","I was suggested Alfa with “A Me Mi Piace.” It seems like a song that’s already well-known enough, and I don’t think it needs to be pushed any further.",POST,PASSIVE,TR3_Continuation,NO,1,"Ho percepito che artisti commerciali o di grandi etichette erano favoriti rispetto agli indipendenti, La piattaforma sembrava promuovere canzoni già virali o molto popolari, Ho trovato difficile scoprire qualcosa di veramente nuovo o diverso","Ho trovato lo stesso contenuto “di tendenza” su diverse piattaforme, Sembrava che la raccomandazione fosse pensata per promuovere qualcosa piuttosto che adattarsi ai miei gusti",YES,3,5
101,05/12/2025 16:05:24,60e5d3a91561c1746aa12a5e,Spotify,Stavo cercando qualcosa di specifico,"Stavo cercando dei mix da ascoltare. Di quelli che ho trovato, 3 hanno lo stesso artista come principale (v. copertina), e le ultime due righe degli altri sono principalmente occupate da artisti che non ascolto, o che ho ascoltato pochissimo in passato (davvero poco)","I was looking for some mixes to listen to. Of those I found, three have the same artist as the main one (see cover), and the last two lines of the others are mainly occupied by artists I don't listen to, or who I have listened to very little in the past (really very little).",PRE,ACTIVE,TR1_Presentation,NO,4,"Ho visto pochissime artiste donne o artisti non occidentali essere consigliati, Il sistema continuava a mostrarmi artisti o brani simili risultando ripetitivo, non c'entrano niente con i miei ascolti","Mi sono sentito “intrappolatə” in un loop di contenuti già familiari, Sembrava che la raccomandazione fosse pensata per promuovere qualcosa piuttosto che adattarsi ai miei gusti, Le raccomandazioni non sembravano evolvere nemmeno dopo aver cambiato ciò che ascoltavo, Il sistema sembrava ignorare scene musicali diverse o di nicchia a cui tengo.",NO,2,3
102,05/12/2025 16:07:26,60e5d3a91561c1746aa12a5e,Spotify,Stavo scrollando,"Cercavo nuove proposte, delle playlist suggerite per oggi solo due sono pertinenti con i miei interessi. Il resto sono playlist di artisti popolari o (credo) popolari in questa zona","I was looking for new suggestions, but only two of today's recommended playlists are relevant to my interests. The rest are playlists by artists who are popular or (I think) popular in this area.",PRE,PASSIVE,TR1_Presentation,NO,5,"Ho notato una sovrarappresentazione di artisti maschili o generi mainstream, Ho trovato difficile scoprire qualcosa di veramente nuovo o diverso, La piattaforma sembrava promuovere canzoni già virali o molto popolari","Le raccomandazioni mi sono sembrate stereotipate o influenzate da bias, Il sistema sembrava ignorare scene musicali diverse o di nicchia a cui tengo.",NO,2,3
103,05/12/2025 16:16:17,60e5d3a91561c1746aa12a5e,Spotify,Stavo cercando qualcosa di specifico,"Cercavo il mix indie per vedere se c'erano artisti effettivamenti indipendenti, da cui il nome del genere. Non ce n'era quasi nessuno, esemplificativi sono i primi 10 brani ma il trend è lo stesso a seguire","I was looking for the indie mix to see if there were actually independent artists, hence the genre name. There were almost none—exemplified by the first 10 tracks, but the same trend continued throughout.",PRE,ACTIVE,TR2_Collection,NO,5,Ho percepito che artisti commerciali o di grandi etichette erano favoriti rispetto agli indipendenti,Mi sono sentito “intrappolatə” in un loop di contenuti già familiari,NO,1,5
104,05/12/2025 16:22:18,60e5d3a91561c1746aa12a5e,Spotify,Stavo cercando qualcosa di specifico,"Ho una playlist che ha un tema politico, ma che ho cercato di mantenere il più varia possibile includendo anche voci femminili. Si tratta principalmente di artisti occidentali perché è una playlist di musica quasi interamente italiana. Ciò detto, spotify nei suggeriti non include neanche una cantante o artista donna","I have a playlist with a political theme, but I’ve tried to keep it as varied as possible, including female voices. It’s mostly Western artists because it’s an almost entirely Italian music playlist. That said, Spotify’s suggested tracks don’t include a single female singer or artist.",PRE,ACTIVE,TR2_Collection,NO,4,Ho notato una sovrarappresentazione di artisti maschili o generi mainstream,"Le raccomandazioni mi sono sembrate stereotipate o influenzate da bias, Il sistema sembrava ignorare scene musicali diverse o di nicchia a cui tengo.",NO,2,3
105,05/12/2025 18:02:13,67235c9d9d3b60d42012c74a,TikTok,Stavo scrollando,Ho notato che molti account famosi promuovono i loro video con questa specifica canzone (Stateside di PinkPantheress e Zara Larsson) che anche Spotify continua a riprodurmi in automatico da qualche settimana.,"I've noticed that many famous accounts promote their videos with this specific song (Stateside by PinkPantheress and Zara Larsson), which Spotify has also been playing automatically for me for a few weeks now.",PRE,ACTIVE,TR1_Presentation,YES,4,"Non ne sono sicurə ma ha catturato la mia attenzione per qualche motivo, La piattaforma sembrava promuovere canzoni già virali o molto popolari, Il sistema continuava a mostrarmi artisti o brani simili risultando ripetitivo","Ho trovato lo stesso contenuto “di tendenza” su diverse piattaforme, Mi sono sentito “intrappolatə” in un loop di contenuti già familiari",NO,3,3
106,05/12/2025 19:20:17,5e68bd3b003be1000c6c4d25,Spotify,Ascolto passivo,Stavo ascoltando la mia musica ma in smart shuffle e spotify mi ha proposto good times di ghali,"I was listening to my music on smart shuffle, and Spotify suggested “Good Times” by Ghali.",POST,PASSIVE,TR3_Continuation,NO,2,"Ho trovato difficile scoprire qualcosa di veramente nuovo o diverso, Il sistema continuava a mostrarmi artisti o brani simili risultando ripetitivo, La piattaforma sembrava promuovere canzoni già virali o molto popolari, Ho percepito che artisti commerciali o di grandi etichette erano favoriti rispetto agli indipendenti",Ho trovato lo stesso contenuto “di tendenza” su diverse piattaforme,NO,3,4
107,05/12/2025 22:26:42,67235c9d9d3b60d42012c74a,Spotify,Ascolto passivo,I consigliati di Spotify riproducono solo musica che ascolto già.,Spotify’s recommended tracks only play music I already listen to.,POST,PASSIVE,TR3_Continuation,NO,5,"Il sistema continuava a mostrarmi artisti o brani simili risultando ripetitivo, Ho trovato difficile scoprire qualcosa di veramente nuovo o diverso","Le raccomandazioni non sembravano evolvere nemmeno dopo aver cambiato ciò che ascoltavo, Mi sono sentito “intrappolatə” in un loop di contenuti già familiari",NO,3,4
108,05/12/2025 22:43:32,67235c9d9d3b60d42012c74a,Spotify,Stavo cercando qualcosa di specifico,Avevo cercato una playlist specifica su Spotify ma una volta finita quella Spotify mi consiglia solo canzoni che ascolto già.,"I had searched for a specific playlist on Spotify, but once it ended, Spotify only recommended songs I already listen to.",POST,PASSIVE,TR3_Continuation,NO,5,"Ho trovato difficile scoprire qualcosa di veramente nuovo o diverso, Il sistema continuava a mostrarmi artisti o brani simili risultando ripetitivo",Mi sono sentito “intrappolatə” in un loop di contenuti già familiari,NO,3,4
109,05/12/2025 22:49:24,6734c4c9540c828f442d4308,Spotify,Ascolto passivo,"Ascolto passivo, playlist dei consigliati","Passive listening, recommended playlist.",POST,PASSIVE,TR2_Collection,NO,4,Non ne sono sicurə ma ha catturato la mia attenzione per qualche motivo,Non ne sono sicurə ma ha catturato la mia attenzione per qualche motivo,NO,3,3
110,05/12/2025 22:53:58,6734c4c9540c828f442d4308,YouTube,Stavo scrollando,Video consigliato di una nuova canzone di artisti che ascolto ma non seguo ,Recommended video of a new song by artists I listen to but don't follow ,PRE,PASSIVE,TR1_Presentation,NO,3,"Ho visto pochissime artiste donne o artisti non occidentali essere consigliati, Non ne sono sicurə ma ha catturato la mia attenzione per qualche motivo",Non ne sono sicurə ma ha catturato la mia attenzione per qualche motivo,NO,4,3
111,05/12/2025 23:47:56,6646052f36c0bd14aafa0f0f,Spotify,Stavo scrollando,"Scrollando nella home di spotify, ho notato la sezione “Migliori uscite del venerdì”. C’erano vari brani che rispecchiavano i miei gusti, ma poi ho notato suggerimenti di artisti come Brunori Sas, che non ascolto","Scrolling through the Spotify home page, I noticed the “Best Friday Releases” section. There were several tracks that reflected my tastes, but then I noticed suggestions from artists such as Brunori Sas, whom I don't listen to.",PRE,PASSIVE,TR1_Presentation,NO,2,Ho percepito che artisti commerciali o di grandi etichette erano favoriti rispetto agli indipendenti,Sembrava che la raccomandazione fosse pensata per promuovere qualcosa piuttosto che adattarsi ai miei gusti,NO,3,4
112,05/12/2025 23:48:48,6582f5dfb83c230e72711bbd,YouTube Music,Stavo cercando qualcosa di specifico,Ascoltando un altra canzone continua a mettere in seguito kid Yugi e Noyz narcos,"While listening to another song, it keeps suggesting Kid Yugi and Noyz Narcos afterward.",POST,PASSIVE,TR3_Continuation,NO,1,"Ho trovato difficile scoprire qualcosa di veramente nuovo o diverso, Ho percepito che artisti commerciali o di grandi etichette erano favoriti rispetto agli indipendenti, Il sistema continuava a mostrarmi artisti o brani simili risultando ripetitivo, La piattaforma sembrava promuovere canzoni già virali o molto popolari","Le raccomandazioni non sembravano evolvere nemmeno dopo aver cambiato ciò che ascoltavo, Mi sono sentito “intrappolatə” in un loop di contenuti già familiari, Ho trovato lo stesso contenuto “di tendenza” su diverse piattaforme",NO,3,5
113,05/12/2025 23:48:48,6646052f36c0bd14aafa0f0f,Spotify,Ascolto passivo,"Dopo aver finito di ascoltare una playlist di un amico, spotify ha cominciato la riproduzione di brani consigliati. Il brano a partire subito dopo è un brano di Elettra Lamborghini, che non ascolto.","After finishing a friend’s playlist, Spotify started playing recommended tracks. The very next track was by Elettra Lamborghini, which I don’t usually listen to.",POST,PASSIVE,TR3_Continuation,NO,2,"La piattaforma sembrava promuovere canzoni già virali o molto popolari, Ho percepito che artisti commerciali o di grandi etichette erano favoriti rispetto agli indipendenti","Il sistema sembrava ignorare scene musicali diverse o di nicchia a cui tengo., Sembrava che la raccomandazione fosse pensata per promuovere qualcosa piuttosto che adattarsi ai miei gusti",NO,3,4
114,05/12/2025 23:50:18,6646052f36c0bd14aafa0f0f,Spotify,Ascolto passivo,"Appena dopo aver finito di ascoltare una playlist per la palestra, spotify ha cominciato la riproduzione di brani consigliati. Il brano a partire subito dopo è un brano di Rose Villain, che non ascolto.","Right after finishing a workout playlist, Spotify started playing recommended tracks. The very next track was by Rose Villain, which I don’t usually listen to.",POST,PASSIVE,TR3_Continuation,NO,2,"Ho percepito che artisti commerciali o di grandi etichette erano favoriti rispetto agli indipendenti, Ho trovato difficile scoprire qualcosa di veramente nuovo o diverso, La piattaforma sembrava promuovere canzoni già virali o molto popolari",Sembrava che la raccomandazione fosse pensata per promuovere qualcosa piuttosto che adattarsi ai miei gusti,NO,3,4
115,05/12/2025 23:55:37,6582f5dfb83c230e72711bbd,YouTube Music,Stavo scrollando,"Scrollando mi sono accorto che YT music vuole proprio che ascolti Noyz narcos e kid Yugi, me lo mette sempre nelle prossime canzoni e pure nei consigliati anche se non l ho Mai neanche riprodotta, penso sia pubblicità da parte di qualcuno e non che centri con l algoritmo","Scrolling through, I realised that YouTube Music really wants me to listen to Noyz Narcos and Kid Yugi. It always puts them in my upcoming songs and even in my recommendations, even though I've never even played them. I think it's advertising by someone and has nothing to do with the algorithm.",PRE,PASSIVE,TR2_Collection,YES,1,"Ho trovato difficile scoprire qualcosa di veramente nuovo o diverso, Ho notato una sovrarappresentazione di artisti maschili o generi mainstream, La piattaforma sembrava promuovere canzoni già virali o molto popolari, Ho percepito che artisti commerciali o di grandi etichette erano favoriti rispetto agli indipendenti","Mi sono sentito “intrappolatə” in un loop di contenuti già familiari, Ho trovato lo stesso contenuto “di tendenza” su diverse piattaforme, Sembrava che la raccomandazione fosse pensata per promuovere qualcosa piuttosto che adattarsi ai miei gusti, Le raccomandazioni mi sono sembrate stereotipate o influenzate da bias, Le raccomandazioni non sembravano evolvere nemmeno dopo aver cambiato ciò che ascoltavo",NO,2,5
116,05/12/2025 23:57:12,6582f5dfb83c230e72711bbd,YouTube Music,Ascolto passivo,Ennesima dimostrazione di come la piattaforma voglia proprio che io ascolta Noyz narcos e kid yugi,Yet another example of how the platform really wants me to listen to Noyz Narcos and Kid Yugi.,POST,PASSIVE,TR3_Continuation,YES,1,"Ho percepito che artisti commerciali o di grandi etichette erano favoriti rispetto agli indipendenti, Ho notato una sovrarappresentazione di artisti maschili o generi mainstream, La piattaforma sembrava promuovere canzoni già virali o molto popolari, Il sistema continuava a mostrarmi artisti o brani simili risultando ripetitivo, Ho trovato difficile scoprire qualcosa di veramente nuovo o diverso","Il sistema sembrava ignorare scene musicali diverse o di nicchia a cui tengo., Mi sono sentito “intrappolatə” in un loop di contenuti già familiari, Ho trovato lo stesso contenuto “di tendenza” su diverse piattaforme, Sembrava che la raccomandazione fosse pensata per promuovere qualcosa piuttosto che adattarsi ai miei gusti, Le raccomandazioni mi sono sembrate stereotipate o influenzate da bias, Le raccomandazioni non sembravano evolvere nemmeno dopo aver cambiato ciò che ascoltavo",NO,1,5
117,06/12/2025 00:12:49,60ddf71e95896d2595f0e1a5,Spotify,Esploravo suggerimenti,"Una playlist suggerita che dovrebbe essere con brani della gen Z o cantanti giovani contiene in stragrande maggioranza artisti maschi, il che mi fa domandare se ci hanno almeno pensato ad includere artiste donne","A suggested playlist that should feature Gen Z songs or young singers contains mostly male artists, which makes me wonder if they even considered including female artists.",PRE,ACTIVE,TR2_Collection,NO,5,Ho notato una sovrarappresentazione di artisti maschili o generi mainstream,Le raccomandazioni mi sono sembrate stereotipate o influenzate da bias,YES,2,5
118,06/12/2025 00:16:21,60ddf71e95896d2595f0e1a5,Spotify,Scrollavo la hompage di spotify cercando le mie playlist,"Ho notato che di nuovo gli album consigliati sono gli stessi dei giorni precedenti, non esattamente identici ma in gran parte. Sempre di artisti già noti e già ampiamente famosi, oltre non completamente in linea con i miei gusti, il che mi lascia perplessa","I noticed that the recommended albums are the same as the previous days, not exactly identical but mostly. They are still by well-known and widely famous artists, and not completely in line with my tastes, which leaves me perplexed.",PRE,PASSIVE,TR1_Presentation,NO,5,Il sistema continuava a mostrarmi artisti o brani simili risultando ripetitivo,Mi sono sentito “intrappolatə” in un loop di contenuti già familiari,YES,3,2
119,06/12/2025 00:21:03,60ddf71e95896d2595f0e1a5,Spotify,Scrollavo homepage spotify,Ho notato che la spotify “vende” le playlist di hit italiane come “solo per me” quando in realtà semplicemente riordina la playlist in modo da avere in alto canzoni di artisti che in passato magari ho ascoltato,I have noticed that Spotify “sells” Italian hit playlists as “just for me” when in reality it simply reorders the playlist so that songs by artists I may have listened to in the past appear at the top.,PRE,PASSIVE,TR2_Collection,YES,5,Non ne sono sicurə ma ha catturato la mia attenzione per qualche motivo,"Non ne sono sicurə ma ha catturato la mia attenzione per qualche motivo, Mi sono sentito “intrappolatə” in un loop di contenuti già familiari",NO,3,2
120,06/12/2025 13:26:20,60ddf71e95896d2595f0e1a5,Spotify,Esploravo homepage,"Ho notato nelle scelte per me dei singoli/album di generi dubbiamente inerenti ai miei ascolti, e in ogni caso quasi totamente di artisti maschili, dovendo scorrere fino al terzultimo per un’artista donna","I noticed that the singles/albums chosen for me were of genres that were arguably unrelated to my listening habits, and in any case almost entirely by male artists, having to scroll down to the third last one to find a female artist.",PRE,ACTIVE,TR1_Presentation,NO,5,"Ho notato una sovrarappresentazione di artisti maschili o generi mainstream, Ho visto pochissime artiste donne o artisti non occidentali essere consigliati","Le raccomandazioni mi sono sembrate stereotipate o influenzate da bias, Il sistema sembrava ignorare scene musicali diverse o di nicchia a cui tengo.",YES,3,5
121,06/12/2025 13:41:36,5e68bd3b003be1000c6c4d25,Spotify,Ascolto passivo,Stavo ascoltando la mia musica in smart shuffle e mi è stata proposta mi fai impazzire di blanco e sfera ebbasta,"I was listening to my music on smart shuffle, and it suggested “Mi Fai Impazzire” by Blanco and Sfera Ebbasta.",POST,PASSIVE,TR3_Continuation,NO,1,"Il sistema continuava a mostrarmi artisti o brani simili risultando ripetitivo, Ho trovato difficile scoprire qualcosa di veramente nuovo o diverso, La piattaforma sembrava promuovere canzoni già virali o molto popolari, Ho percepito che artisti commerciali o di grandi etichette erano favoriti rispetto agli indipendenti","Il sistema sembrava ignorare scene musicali diverse o di nicchia a cui tengo., Ho trovato lo stesso contenuto “di tendenza” su diverse piattaforme, Sembrava che la raccomandazione fosse pensata per promuovere qualcosa piuttosto che adattarsi ai miei gusti, Le raccomandazioni non sembravano evolvere nemmeno dopo aver cambiato ciò che ascoltavo",NO,3,4
123,06/12/2025 21:46:53,6056beff1b9debccd57761e0,YouTube,Stavo scrollando,Nella sezione musica di youtube ho trovato tanti video vecchi o canzoni che ascoltavo spesso tanto tempo fa.,"In the music section of YouTube, I found lots of old videos and songs that I used to listen to a lot a long time ago.",PRE,PASSIVE,TR1_Presentation,NO,4,Ho trovato difficile scoprire qualcosa di veramente nuovo o diverso,Perchè la sezione musica dovrebbe permettermi di scoprire brani nuovi o capire cosa è uscito di recente,NO,3,5
124,06/12/2025 21:53:41,6056beff1b9debccd57761e0,YouTube,Stavo scrollando,Stanno iniziando a suggerirmi canzoni natalizie,They're starting to suggest Christmas songs to me.,PRE,PASSIVE,TR1_Presentation,NO,5,"Non ne sono sicurə ma ha catturato la mia attenzione per qualche motivo, La piattaforma sembrava promuovere canzoni già virali o molto popolari","Sembrava che la raccomandazione fosse pensata per promuovere qualcosa piuttosto che adattarsi ai miei gusti, Ho trovato lo stesso contenuto “di tendenza” su diverse piattaforme, Le raccomandazioni mi sono sembrate stereotipate o influenzate da bias",NO,3,5
125,06/12/2025 21:59:03,6056beff1b9debccd57761e0,YouTube,Stavo scrollando,"Le proposte mi sembrano completamente sconnesse. Potrebbe essere un bene dal un lato, ma dall’altro mi stranisce (mi sono statk proposti in successione un live di Raye e la versione jazz di “pasta col tonno” di bello figo…)","The proposals seem completely disjointed to me. On the one hand, this could be a good thing, but on the other, it strikes me as odd (I was offered a live performance by Raye followed by a jazz version of “pasta col tonno” by Bello Figo...).",PRE,PASSIVE,TR1_Presentation,NO,3,Perché non c’è un nesso logico,Non ne sono sicurə ma ha catturato la mia attenzione per qualche motivo,YES,3,3
126,06/12/2025 22:29:37,6056beff1b9debccd57761e0,TikTok,Stavo scrollando,Vedo tanti artisti uomini e molte meno donne,I see many male artists and far fewer female artists.,PRE,PASSIVE,TR1_Presentation,NO,4,"Ho notato una sovrarappresentazione di artisti maschili o generi mainstream, Ho visto pochissime artiste donne o artisti non occidentali essere consigliati",Perchè non mi è sembrata una proposta equilibrata,NO,2,4
127,06/12/2025 22:30:52,60e5d3a91561c1746aa12a5e,Spotify,Stavo scrollando,"Nei contenuti suggerito da un'artista donna, compare tre volte di fila qualcosa che include o è direttamente di sombr, un cantante famoso e molto virale. Il genere è simile ma è molto sovra rappresentato","In the content suggested by a female artist, something that includes or is directly related to Sombr, a famous and very viral singer, appears three times in a row. The genre is similar but is very overrepresented.",PRE,PASSIVE,TR1_Presentation,YES,5,"Ho notato una sovrarappresentazione di artisti maschili o generi mainstream, Ho percepito che artisti commerciali o di grandi etichette erano favoriti rispetto agli indipendenti, La piattaforma sembrava promuovere canzoni già virali o molto popolari","Sembrava che la raccomandazione fosse pensata per promuovere qualcosa piuttosto che adattarsi ai miei gusti, Ho trovato lo stesso contenuto “di tendenza” su diverse piattaforme",NO,2,4
128,07/12/2025 07:59:32,6646052f36c0bd14aafa0f0f,Spotify,Ascolto passivo,"Stavo ascoltando una playlist come faccio giornalmente, una playlist di rap americano. Alla fine della mia playlist, il brano suggerito nella riproduzuone consigliata era “Take my mind”, brano che si distacca molto dal genere della playlist.","I was listening to a playlist as I do daily, an American rap playlist. At the end of my playlist, the track suggested in the recommended playback was “Take My Mind,” which is very different from the playlist’s genre.",POST,PASSIVE,TR3_Continuation,NO,3,"La piattaforma sembrava promuovere canzoni già virali o molto popolari, Ho percepito che artisti commerciali o di grandi etichette erano favoriti rispetto agli indipendenti","Le raccomandazioni non sembravano evolvere nemmeno dopo aver cambiato ciò che ascoltavo, Sembrava che la raccomandazione fosse pensata per promuovere qualcosa piuttosto che adattarsi ai miei gusti",NO,3,4
129,07/12/2025 11:00:23,6734c4c9540c828f442d4308,Spotify,Ascolto passivo,"In una playlist di ""generica"" musica rock, mi è capitato solo 1 artista donna","In a playlist of ‘generic’ rock music, I only came across one female artist.",POST,PASSIVE,TR2_Collection,NO,4,Ho visto pochissime artiste donne o artisti non occidentali essere consigliati,Non ne sono sicurə ma ha catturato la mia attenzione per qualche motivo,NO,3,4
130,07/12/2025 13:19:28,60ddf71e95896d2595f0e1a5,Spotify,Esplorando suggerimenti,"La playlist creata apposta per me con “gemme nascoste” contiene brani già famosi e nemmeno di mio particolare gusto, che mi fa voler cercare una playlist diversa","The playlist created specifically for me with “hidden gems” contains tracks that are already well-known and not really to my taste, which makes me want to look for a different playlist.",PRE,ACTIVE,TR2_Collection,NO,5,La piattaforma sembrava promuovere canzoni già virali o molto popolari,Sembrava che la raccomandazione fosse pensata per promuovere qualcosa piuttosto che adattarsi ai miei gusti,YES,3,4
131,07/12/2025 15:19:31,6582f5dfb83c230e72711bbd,YouTube Music,Stavo scrollando,Mi sembra che narcos abbia pubblicizzato in tutti i modi il suo album perché mi continua ad apparire ancora come prima cosa tra tutti ,It seems to me that Narcos has promoted his album in every possible way because it continues to appear first among all the others. ,PRE,PASSIVE,TR1_Presentation,YES,1,"Il sistema continuava a mostrarmi artisti o brani simili risultando ripetitivo, Ho percepito che artisti commerciali o di grandi etichette erano favoriti rispetto agli indipendenti, La piattaforma sembrava promuovere canzoni già virali o molto popolari, Ho notato una sovrarappresentazione di artisti maschili o generi mainstream, Ho trovato difficile scoprire qualcosa di veramente nuovo o diverso, Pubblicità e non algoritmo","Sembrava che la raccomandazione fosse pensata per promuovere qualcosa piuttosto che adattarsi ai miei gusti, Mi sono sentito “intrappolatə” in un loop di contenuti già familiari, Ho trovato lo stesso contenuto “di tendenza” su diverse piattaforme",NO,2,5
132,07/12/2025 15:23:10,6582f5dfb83c230e72711bbd,YouTube Music,Stavo scrollando,"Sembra avermi creato una playlist con  musica come i pink Floyd per poi mischiare metal tipo Evanescence, skillet e delle canzoni rock, facendo un miscuglio di artisti che sento praticamente ogni giorno","It seems to have created a playlist for me with music like Pink Floyd and then mixed in metal like Evanescence, Skillet and rock songs, making a mix of artists that I listen to practically every day.",PRE,PASSIVE,TR1_Presentation,NO,5,Non ne sono sicurə ma ha catturato la mia attenzione per qualche motivo,Mi sono sentito “intrappolatə” in un loop di contenuti già familiari,NO,4,3
133,07/12/2025 19:49:28,6734c4c9540c828f442d4308,Spotify,Ascolto passivo,Ancora poca rappresentazione femminile nei consigliati ,Still little female representation on boards ,POST,PASSIVE,TR1_Presentation,NO,4,Ho notato una sovrarappresentazione di artisti maschili o generi mainstream,Non ne sono sicurə ma ha catturato la mia attenzione per qualche motivo,NO,3,3
134,07/12/2025 21:54:02,5e68bd3b003be1000c6c4d25,Spotify,Ascolto passivo,Stavo ascoltando la mia musica con le smart suggestion e mi ha proposto sorry di justin bieber,"I was listening to my music with smart suggestions, and it recommended “Sorry” by Justin Bieber.",POST,PASSIVE,TR3_Continuation,NO,1,"Ho trovato difficile scoprire qualcosa di veramente nuovo o diverso, Ho percepito che artisti commerciali o di grandi etichette erano favoriti rispetto agli indipendenti","Il sistema sembrava ignorare scene musicali diverse o di nicchia a cui tengo., Ho trovato lo stesso contenuto “di tendenza” su diverse piattaforme, Sembrava che la raccomandazione fosse pensata per promuovere qualcosa piuttosto che adattarsi ai miei gusti, Le raccomandazioni non sembravano evolvere nemmeno dopo aver cambiato ciò che ascoltavo",NO,3,5
135,07/12/2025 22:29:17,67235c9d9d3b60d42012c74a,Spotify,Stavo cercando qualcosa di specifico,"Spotify mi consiglia, in cima al Daily mix personalizzato sui miei gusti, un’artista che io non ho mai ascoltato probabilmente solo perché è l’artista più popolare del momento.","Spotify recommends, at the top of my personalized Daily Mix, an artist I’ve never listened to—probably just because they’re the most popular artist at the moment.",PRE,ACTIVE,TR2_Collection,YES,5,"Ho trovato difficile scoprire qualcosa di veramente nuovo o diverso, Il sistema continuava a mostrarmi artisti o brani simili risultando ripetitivo, Ho percepito che artisti commerciali o di grandi etichette erano favoriti rispetto agli indipendenti, La piattaforma sembrava promuovere canzoni già virali o molto popolari, Ho notato una sovrarappresentazione di artisti maschili o generi mainstream",Sembrava che la raccomandazione fosse pensata per promuovere qualcosa piuttosto che adattarsi ai miei gusti,NO,3,4
136,07/12/2025 23:18:42,601705a0246e51313e8ed38e,Spotify,Stavo cercando qualcosa di specifico,"Ho notato una rotazione abbastanza ricorrente e limitata di artisti proposti, artisti che comunque tendenzialmente ascolto e conosco",I noticed a fairly recurring and limited rotation of suggested artists—artists that I generally listen to and know.,PRE,ACTIVE,TR2_Collection,NO,4,"Non ne sono sicurə ma ha catturato la mia attenzione per qualche motivo, Il sistema continuava a mostrarmi artisti o brani simili risultando ripetitivo",Avrei preferito una rotazione un po' più variegata nelle raccomandazioni,NO,3,2
137,07/12/2025 23:20:28,67235c9d9d3b60d42012c74a,Spotify,Stavo cercando qualcosa di specifico,Spotify mi consiglia le stesse canzoni in mix diversi.,Spotify recommends the same songs across different mixes.,PRE,ACTIVE,TR2_Collection,NO,5,"Ho percepito che artisti commerciali o di grandi etichette erano favoriti rispetto agli indipendenti, Ho trovato difficile scoprire qualcosa di veramente nuovo o diverso, Il sistema continuava a mostrarmi artisti o brani simili risultando ripetitivo","Sembrava che la raccomandazione fosse pensata per promuovere qualcosa piuttosto che adattarsi ai miei gusti, Ho trovato lo stesso contenuto “di tendenza” su diverse piattaforme, Mi sono sentito “intrappolatə” in un loop di contenuti già familiari",NO,3,4
138,07/12/2025 23:26:26,601705a0246e51313e8ed38e,Spotify,Ascolto passivo,"Dopo aver fatto partire la radio di un brano, ho visto che, come in questo caso, spesso capita di trovare più brani di uno stesso album nei brani in coda, seppur siano raccomandazioni sensate.","After starting the radio for a track, I noticed that, as in this case, it often happens that multiple tracks from the same album appear in the queue, even if the recommendations are sensible.",POST,ACTIVE,TR2_Collection,NO,4,"La piattaforma sembrava promuovere canzoni già virali o molto popolari, Il sistema continuava a mostrarmi artisti o brani simili risultando ripetitivo",Mi sono sentito “intrappolatə” in un loop di contenuti già familiari,NO,3,3
139,07/12/2025 23:40:21,601705a0246e51313e8ed38e,Spotify,Stavo cercando qualcosa di specifico,"Ho notato sempre i soliti nomi affermati nella radio del brano che stavo ascoltando, seppure nomi che apprezzo e importanti nel genere.","I noticed the same well-established names in the radio for the track I was listening to, even though they are artists I appreciate and are important in the genre.",POST,ACTIVE,TR2_Collection,NO,4,"Ho trovato difficile scoprire qualcosa di veramente nuovo o diverso, Ho percepito che artisti commerciali o di grandi etichette erano favoriti rispetto agli indipendenti, Il sistema continuava a mostrarmi artisti o brani simili risultando ripetitivo, La piattaforma sembrava promuovere canzoni già virali o molto popolari",Mi sono sentito “intrappolatə” in un loop di contenuti già familiari,NO,2,4
140,08/12/2025 00:18:00,601705a0246e51313e8ed38e,Spotify,Ascolto passivo,"Nella radio di un brano, ho notato che i primi artisti proposti sono spesso, come in questo caso, artisti molto affermati, seppur pertinenti.","In the radio for a track, I noticed that the first artists suggested are often, as in this case, very well-established artists, even if they are relevant.",POST,ACTIVE,TR2_Collection,NO,3,"La piattaforma sembrava promuovere canzoni già virali o molto popolari, Ho trovato difficile scoprire qualcosa di veramente nuovo o diverso","Mi sono sentito “intrappolatə” in un loop di contenuti già familiari, Non ne sono sicurə ma ha catturato la mia attenzione per qualche motivo",NO,3,4
141,08/12/2025 01:55:03,60e5d3a91561c1746aa12a5e,Spotify,Stavo cercando qualcosa di specifico,"Cercavo la playlist daylist, che si aggiorna ogni tot ore creata in automatico da Spotify. Di nuovo, stragrande maggioranza di artisti maschi e occidentali, nonostante io cerchi di variare intenzionalmente ","I was looking for the Daylist playlist, which updates every few hours and is automatically created by Spotify. Once again, the vast majority of artists are male and Western, even though I intentionally try to vary.",PRE,ACTIVE,TR2_Collection,NO,5,"Ho notato una sovrarappresentazione di artisti maschili o generi mainstream, Ho visto pochissime artiste donne o artisti non occidentali essere consigliati","Le raccomandazioni mi sono sembrate stereotipate o influenzate da bias, Le raccomandazioni non sembravano evolvere nemmeno dopo aver cambiato ciò che ascoltavo",NO,2,4
142,08/12/2025 09:28:11,6646052f36c0bd14aafa0f0f,Spotify,Ascolto passivo,"Stavo ascoltando una playlist che ascolto molto spesso, solitamente ricevo bei consigli di riproduzione dopo averla ascoltata. Dopo averla finita di ascoltare però questa volta , ho ricevuto come riproduzione casuale un brano famoso che non ascolto e non è nel mio genere, “Neon”","I was listening to a playlist that I play very often, and I usually get good playback recommendations afterward. But this time, after finishing it, I got as a random playback a popular track that I don’t listen to and that isn’t in my genre: “Neon.”",POST,PASSIVE,TR3_Continuation,NO,2,La piattaforma sembrava promuovere canzoni già virali o molto popolari,"Ho trovato lo stesso contenuto “di tendenza” su diverse piattaforme, Sembrava che la raccomandazione fosse pensata per promuovere qualcosa piuttosto che adattarsi ai miei gusti",NO,3,4
143,08/12/2025 11:03:49,5e68bd3b003be1000c6c4d25,Spotify,Ascolto passivo,Stavo ascoltando la mia musica in smart shuffle e spotify mi ha proposto la coda del diavolo di elodie e rkomi,"I was listening to my music on smart shuffle, and Spotify suggested “La Coda del Diavolo” by Elodie and Rkomi.",POST,PASSIVE,TR3_Continuation,NO,2,"Ho trovato difficile scoprire qualcosa di veramente nuovo o diverso, La piattaforma sembrava promuovere canzoni già virali o molto popolari, Ho percepito che artisti commerciali o di grandi etichette erano favoriti rispetto agli indipendenti",Sembrava che la raccomandazione fosse pensata per promuovere qualcosa piuttosto che adattarsi ai miei gusti,NO,3,4
144,08/12/2025 19:25:28,67235c9d9d3b60d42012c74a,Spotify,Ascolto passivo,Spotify mi consiglia le stesse identiche canzoni in più playlist o gli stessi album.,Spotify recommends the exact same songs in multiple playlists or the same albums.,POST,PASSIVE,TR2_Collection,NO,4,Ho trovato difficile scoprire qualcosa di veramente nuovo o diverso,"Non ne sono sicurə ma ha catturato la mia attenzione per qualche motivo, Mi sono sentito “intrappolatə” in un loop di contenuti già familiari",NO,3,4
145,08/12/2025 21:50:25,67235c9d9d3b60d42012c74a,X (Twitter),Stavo scrollando,"Noto che il feed di X mi propone molte notizie su artisti che ascolto, possibilmente in collegamento al mio Spotify per cui utilizzo la stessa mail (?)","I notice that X's feed shows me lots of news about artists I listen to, possibly linked to my Spotify account, for which I use the same email address (?)",PRE,PASSIVE,TR1_Presentation,YES,5,Non ne sono sicurə ma ha catturato la mia attenzione per qualche motivo,Non ne sono sicurə ma ha catturato la mia attenzione per qualche motivo,NO,3,4
146,08/12/2025 22:04:56,60e5d3a91561c1746aa12a5e,Spotify,Stavo cercando qualcosa di specifico,"Continuando a guardare la playlist mix rock, noto che è continuamente sprovvista di artisti femminili. Al massimo trovo canzoni fatte da band che hanno un solo membro che è una donna, se va bene la cantante, ma per il resto sono solamente uomini o gruppi di uomini quasi solo occidentali. Inoltre, sono in buona parte gruppi che già conosco","Continuing to look at the rock mix playlist, I notice it’s consistently lacking female artists. At most, I find songs by bands with only one female member—if the singer counts—but otherwise it’s just men or all-male groups, mostly Western. Moreover, many of the bands are ones I already know.",PRE,ACTIVE,TR2_Collection,NO,4,"Ho visto pochissime artiste donne o artisti non occidentali essere consigliati, Ho notato una sovrarappresentazione di artisti maschili o generi mainstream, Ho trovato difficile scoprire qualcosa di veramente nuovo o diverso","Le raccomandazioni mi sono sembrate stereotipate o influenzate da bias, Mi sono sentito “intrappolatə” in un loop di contenuti già familiari",NO,2,4
147,08/12/2025 22:07:29,60e5d3a91561c1746aa12a5e,Spotify,Stavo cercando qualcosa di specifico,"guardando la discover weekly di questa settimana, i brani sono effettivamente nuovi ma alcuni sono di attori famosi, e comunque la stragrande maggioranza è di uomini","Looking at this week’s Discover Weekly, the tracks are indeed new, but some are by famous actors, and the vast majority are by men.",PRE,ACTIVE,TR2_Collection,NO,5,"Ho notato una sovrarappresentazione di artisti maschili o generi mainstream, Ho percepito che artisti commerciali o di grandi etichette erano favoriti rispetto agli indipendenti, La piattaforma sembrava promuovere canzoni già virali o molto popolari","Sembrava che la raccomandazione fosse pensata per promuovere qualcosa piuttosto che adattarsi ai miei gusti, Ho trovato lo stesso contenuto “di tendenza” su diverse piattaforme",NO,2,5
148,08/12/2025 22:11:04,60e5d3a91561c1746aa12a5e,Spotify,Stavo cercando qualcosa di specifico,"La pagina discover weekly della musica italiana, una playlist fatta da spotify e non personalizzata, ci sono pochissime canzoni di donne, nonostante ce ne siamo parecchie che cantano.","The Discover Weekly page for Italian music, a playlist created by Spotify and not personalised, features very few songs by women, even though there are quite a few female singers.",PRE,ACTIVE,TR2_Collection,NO,5,"Ho percepito che artisti commerciali o di grandi etichette erano favoriti rispetto agli indipendenti, Ho visto pochissime artiste donne o artisti non occidentali essere consigliati",Le raccomandazioni mi sono sembrate stereotipate o influenzate da bias,NO,3,4
149,08/12/2025 22:44:31,5e68bd3b003be1000c6c4d25,Spotify,Ascolto passivo,Stavo ascoltando la mia musica con lo smart shuffle e mi è stata proosta as it was di harry stiles,"I was listening to my music on smart shuffle, and it suggested “As It Was” by Harry Styles.",POST,PASSIVE,TR3_Continuation,NO,2,"La piattaforma sembrava promuovere canzoni già virali o molto popolari, Ho trovato difficile scoprire qualcosa di veramente nuovo o diverso, Ho percepito che artisti commerciali o di grandi etichette erano favoriti rispetto agli indipendenti","Sembrava che la raccomandazione fosse pensata per promuovere qualcosa piuttosto che adattarsi ai miei gusti, Il sistema sembrava ignorare scene musicali diverse o di nicchia a cui tengo.",NO,3,4
150,08/12/2025 22:48:28,67235c9d9d3b60d42012c74a,YouTube Music,Stavo cercando qualcosa di specifico,"Quando cerco qualcosa di specifico su Youtube, scrollando un po’ mi consiglia un brano che non c’entra praticamente nulla.","When I search for something specific on YouTube, after scrolling a bit, it recommends a song that has practically nothing to do with it.",PRE,PASSIVE,TR1_Presentation,NO,5,"La piattaforma sembrava promuovere canzoni già virali o molto popolari, Il sistema continuava a mostrarmi artisti o brani simili risultando ripetitivo","Sembrava che la raccomandazione fosse pensata per promuovere qualcosa piuttosto che adattarsi ai miei gusti, Ho trovato lo stesso contenuto “di tendenza” su diverse piattaforme, Mi sono sentito “intrappolatə” in un loop di contenuti già familiari",NO,3,4
151,08/12/2025 23:08:24,601705a0246e51313e8ed38e,Spotify,Ascolto passivo,Ho notato la raccomandazione frequente di un artista (e canzoni di uno specifico album) in più radio e raccomandazioni,I have noticed frequent recommendations of an artist (and songs from a specific album) on several radio stations and in recommendations.,POST,PASSIVE,TR2_Collection,NO,4,"Il sistema continuava a mostrarmi artisti o brani simili risultando ripetitivo, Non ne sono sicurə ma ha catturato la mia attenzione per qualche motivo",Non ne sono sicurə ma ha catturato la mia attenzione per qualche motivo,NO,3,2
152,08/12/2025 23:45:29,601705a0246e51313e8ed38e,Spotify,Stavo cercando qualcosa di specifico,"Ho notato nella radio del brano che stavo ascoltando due raccomandazioni non troppo pertinenti a mio avviso, di artista già affermatissimi e popolari.","I noticed in the radio for the track I was listening to two recommendations that, in my opinion, weren’t very relevant—both by already very established and popular artists.",POST,ACTIVE,TR2_Collection,NO,3,"Ho percepito che artisti commerciali o di grandi etichette erano favoriti rispetto agli indipendenti, La piattaforma sembrava promuovere canzoni già virali o molto popolari","Il sistema sembrava ignorare scene musicali diverse o di nicchia a cui tengo., Sembrava che la raccomandazione fosse pensata per promuovere qualcosa piuttosto che adattarsi ai miei gusti, Mi sono sentito “intrappolatə” in un loop di contenuti già familiari, Le raccomandazioni mi sono sembrate stereotipate o influenzate da bias",NO,3,5
153,08/12/2025 23:49:11,601705a0246e51313e8ed38e,Spotify,Stavo cercando qualcosa di specifico,"Ho visto la frequente raccomandazione di due artisti e album nella radio di un brano, in modo più evidente rispetto agli altri.","I noticed the frequent recommendation of two artists and albums in the radio for a track, much more prominently than the others.",POST,ACTIVE,TR2_Collection,NO,3,"Non ne sono sicurə ma ha catturato la mia attenzione per qualche motivo, Il sistema continuava a mostrarmi artisti o brani simili risultando ripetitivo","Non ne sono sicurə ma ha catturato la mia attenzione per qualche motivo, Sembrava che la raccomandazione fosse pensata per promuovere qualcosa piuttosto che adattarsi ai miei gusti",NO,2,3
154,09/12/2025 00:18:58,60ddf71e95896d2595f0e1a5,Spotify,Esploravo suggerimenti,"Stavo esplorando la  playlist suggerita degli anni 10, e ho notato che è fatta con brani scelti per, di cui tutte le prime dieci canzoni sono si artisti maschili, lasciandomi perplessa","I was exploring the suggested 2010s playlist, and I noticed that it’s made up of carefully selected tracks, yet all of the first ten songs are by male artists, which left me puzzled.",PRE,ACTIVE,TR2_Collection,NO,5,Ho visto pochissime artiste donne o artisti non occidentali essere consigliati,Le raccomandazioni mi sono sembrate stereotipate o influenzate da bias,YES,2,2
155,09/12/2025 00:22:09,60ddf71e95896d2595f0e1a5,Spotify,Esploravo homepage,"Ho trovato nella homepage degli album consigliati di artisti non del mio genere, oggi particolarmente nuove uscite che mi sembra che siano consigliate più per promozione che per i miei gusti, che probabilmente non ascolterei","On the homepage, I found recommended albums by artists who are not my genre, today particularly new releases that seem to be recommended more for promotional purposes than for my tastes, which I probably would not listen to.",PRE,ACTIVE,TR1_Presentation,NO,5,"Ho percepito che artisti commerciali o di grandi etichette erano favoriti rispetto agli indipendenti, Non ne sono sicurə ma ha catturato la mia attenzione per qualche motivo",Sembrava che la raccomandazione fosse pensata per promuovere qualcosa piuttosto che adattarsi ai miei gusti,YES,2,5
156,09/12/2025 00:24:29,60ddf71e95896d2595f0e1a5,Spotify,Esploravo homepage,"Come i giorni precedenti, ho notato che gli album consigliati per oggi contenevano sempre le stesse raccomandazioni, nonostante siano album già famosi e io continuo a non cliccare ne ascoltare perché so non essere di un mio genere preferito","As on previous days, I noticed that the albums recommended for today always contained the same recommendations, even though they are already well-known albums, and I still don't click on them or listen to them because I know they are not my favourite genre.",PRE,ACTIVE,TR1_Presentation,NO,5,Il sistema continuava a mostrarmi artisti o brani simili risultando ripetitivo,Mi sono sentito “intrappolatə” in un loop di contenuti già familiari,YES,1,5
157,09/12/2025 07:52:47,6646052f36c0bd14aafa0f0f,Spotify,Stavo scrollando,"Stavo scrollando nella home di Spotify e ho notato, fra le varie categorie, la categoria “Nuove uscite per te”. Fra queste era presente un brano di Brunori Sas, che non ascolto e non è in linea con ciò che ascolto","I was scrolling through the Spotify home page and noticed, among the various categories, the category ‘New releases for you’. Among these was a song by Brunori Sas, which I don't listen to and is not in line with what I usually listen to.",PRE,PASSIVE,TR1_Presentation,NO,2,Ho percepito che artisti commerciali o di grandi etichette erano favoriti rispetto agli indipendenti,"Sembrava che la raccomandazione fosse pensata per promuovere qualcosa piuttosto che adattarsi ai miei gusti, Il sistema sembrava ignorare scene musicali diverse o di nicchia a cui tengo.",NO,3,4
158,09/12/2025 07:53:41,6646052f36c0bd14aafa0f0f,Spotify,Ascolto passivo,"Appena dopo aver finito di ascoltare una playlist di un amico, spotify ha cominciato con la riproduzione dei brani consigliati. Il brano che è partito subito dopo è un brano di Paky, che non ascolto e che non è in linea con la playlist che ho ascoltato.","Right after finishing a friend’s playlist, Spotify started playing recommended tracks. The very next track was by Paky, which I don’t listen to and doesn’t match the playlist I had just listened to.",POST,PASSIVE,TR3_Continuation,NO,3,Non ne sono sicurə ma ha catturato la mia attenzione per qualche motivo,Il sistema sembrava ignorare scene musicali diverse o di nicchia a cui tengo.,YES,3,4
159,09/12/2025 07:54:40,6646052f36c0bd14aafa0f0f,Spotify,Ascolto passivo,"Dopo aver finito di ascoltare una playlist indie, spotify ha cominciato a consigliarmi dei brani. Il primo brano partito subito dopo è stato un brano di Elodie, totalmente diverso da ciò che stavo ascoltando. ","After finishing an indie playlist, Spotify started recommending tracks. The very first track that played afterward was by Elodie, completely different from what I had been listening to.",POST,PASSIVE,TR3_Continuation,NO,2,"La piattaforma sembrava promuovere canzoni già virali o molto popolari, Ho percepito che artisti commerciali o di grandi etichette erano favoriti rispetto agli indipendenti","Sembrava che la raccomandazione fosse pensata per promuovere qualcosa piuttosto che adattarsi ai miei gusti, Le raccomandazioni non sembravano evolvere nemmeno dopo aver cambiato ciò che ascoltavo, Il sistema sembrava ignorare scene musicali diverse o di nicchia a cui tengo.",NO,3,4
160,09/12/2025 16:46:38,5e68bd3b003be1000c6c4d25,Spotify,Ascolto passivo,Stavo ascoltando la mia musica in smart shuffle e spotify mi ha proposto fai rumore di diodato,"I was listening to my music on smart shuffle, and Spotify suggested “Fai Rumore” by Diodato.",POST,PASSIVE,TR3_Continuation,NO,1,"La piattaforma sembrava promuovere canzoni già virali o molto popolari, Ho trovato difficile scoprire qualcosa di veramente nuovo o diverso, Ho percepito che artisti commerciali o di grandi etichette erano favoriti rispetto agli indipendenti","Ho trovato lo stesso contenuto “di tendenza” su diverse piattaforme, Sembrava che la raccomandazione fosse pensata per promuovere qualcosa piuttosto che adattarsi ai miei gusti",NO,3,4
161,09/12/2025 17:19:14,5e68bd3b003be1000c6c4d25,Spotify,Ascolto passivo,Stavo ascoltando la mia musica in smart shuffle e mi è stata proposta mediterranea di irama,"I was listening to my music on smart shuffle, and it suggested “Mediterranea” by Irama.",POST,PASSIVE,TR3_Continuation,NO,1,"La piattaforma sembrava promuovere canzoni già virali o molto popolari, Ho trovato difficile scoprire qualcosa di veramente nuovo o diverso","Sembrava che la raccomandazione fosse pensata per promuovere qualcosa piuttosto che adattarsi ai miei gusti, Il sistema sembrava ignorare scene musicali diverse o di nicchia a cui tengo., Ho trovato lo stesso contenuto “di tendenza” su diverse piattaforme",NO,3,4
162,09/12/2025 18:02:48,6582f5dfb83c230e72711bbd,YouTube Music,Stavo cercando qualcosa di specifico,"Stavo ascoltando una canzone di the Evanescence e ho notato che mi sono uscite in seguito tutte canzoni di generi opposti e che non c entrano niente, hyperpop,pop,rap, canzoni meme ed ecc (allego 3 screenshot)","I was listening to a song by Evanescence and noticed that all the following tracks were from completely different genres and unrelated at all—hyperpop, pop, rap, meme songs, etc. (I’ve attached 3 screenshots).",POST,PASSIVE,TR3_Continuation,NO,5,"Ho trovato difficile scoprire qualcosa di veramente nuovo o diverso, Il sistema continuava a mostrarmi artisti o brani simili risultando ripetitivo","Mi sono sentito “intrappolatə” in un loop di contenuti già familiari, Le raccomandazioni non sembravano evolvere nemmeno dopo aver cambiato ciò che ascoltavo",NO,4,4
163,09/12/2025 18:04:52,6582f5dfb83c230e72711bbd,YouTube Music,Stavo cercando qualcosa di specifico,Non so perché ma il mio algoritmo sembra essersi mischiato e ora mi escono solo canzoni che mi piace ascoltare e che ho ascoltato diverse volte ,"I don’t know why, but my algorithm seems to have gotten mixed up, and now it only shows me songs that I like and have listened to multiple times.",POST,ACTIVE,TR3_Continuation,YES,5,"Il sistema continuava a mostrarmi artisti o brani simili risultando ripetitivo, Ho trovato difficile scoprire qualcosa di veramente nuovo o diverso","Le raccomandazioni non sembravano evolvere nemmeno dopo aver cambiato ciò che ascoltavo, Mi sono sentito “intrappolatə” in un loop di contenuti già familiari",NO,2,5
164,09/12/2025 18:07:51,6582f5dfb83c230e72711bbd,YouTube Music,Ascolto passivo,In una canzone di Freddie dredd (é pop-rock)nei seguiti mi mette skillet (che é metal) per poi continuare con Beethoven e musica classica,"While listening to a Freddie Dredd song (pop-rock), the following tracks included Skillet (metal), and then it continued with Beethoven and classical music.",POST,PASSIVE,TR3_Continuation,NO,5,"Non ne sono sicurə ma ha catturato la mia attenzione per qualche motivo, Sovrapposizione di generi","Mi sono sentito “intrappolatə” in un loop di contenuti già familiari, Non ne sono sicurə ma ha catturato la mia attenzione per qualche motivo, ",NO,1,4
165,09/12/2025 20:59:09,6734c4c9540c828f442d4308,Spotify,Ascolto passivo,Consigli ripetitivi,Repetitive recommendations.,POST,PASSIVE,TR3_Continuation,NO,5,Non ne sono sicurə ma ha catturato la mia attenzione per qualche motivo,Non ne sono sicurə ma ha catturato la mia attenzione per qualche motivo,NO,3,2
166,09/12/2025 21:19:11,67235c9d9d3b60d42012c74a,Spotify,Ascolto passivo,"Ho notato come, tra le raccomandazione di Spotify, ogni tre/quattro skip mi viene riproposta la stessa canzone.","I noticed that among Spotify’s recommendations, the same song gets suggested again every three or four skips.",POST,PASSIVE,TR3_Continuation,YES,4,Il sistema continuava a mostrarmi artisti o brani simili risultando ripetitivo,Non ne sono sicurə ma ha catturato la mia attenzione per qualche motivo,NO,3,4
167,09/12/2025 22:27:03,67235c9d9d3b60d42012c74a,Spotify,Stavo cercando qualcosa di specifico,"Ho notato come la musica non-occidentale sia consigliata da Spotify, ma solo in fondo alla homepage.","I noticed that non-Western music is recommended by Spotify, but only at the bottom of the homepage.
",PRE,ACTIVE,TR1_Presentation,YES,5,"Ho notato una sovrarappresentazione di artisti maschili o generi mainstream, Ho visto pochissime artiste donne o artisti non occidentali essere consigliati",Le raccomandazioni mi sono sembrate stereotipate o influenzate da bias,NO,3,4
168,09/12/2025 22:30:17,67235c9d9d3b60d42012c74a,Spotify,Stavo cercando qualcosa di specifico,"Ho notato come, un’artista emergente che ascolto molto spesso, pur essendo una delle mie artiste piú ascoltate, non essendo legata a una grande etichetta, si trova comunque al fondo della mia homepage,dopo tutte quelle piú popolari che ascolto anche di meno.","I noticed that an emerging artist I listen to very often, despite being one of my most listened to artists, is not signed to a major label and is therefore at the bottom of my homepage, after all the more popular artists I listen to less often.",PRE,ACTIVE,TR1_Presentation,YES,5,"Ho percepito che artisti commerciali o di grandi etichette erano favoriti rispetto agli indipendenti, La piattaforma sembrava promuovere canzoni già virali o molto popolari","Sembrava che la raccomandazione fosse pensata per promuovere qualcosa piuttosto che adattarsi ai miei gusti, Il sistema sembrava ignorare scene musicali diverse o di nicchia a cui tengo.",NO,3,5
169,09/12/2025 23:58:36,60ddf71e95896d2595f0e1a5,Spotify,Scrollavo homepage spotify,"Ho notato che negli album di novità scelte per me si trovavano album di generi discutibili e principalmente di artisti machili, il che mi ha fatto voler ignorare il suggerimento","I noticed that the albums selected for me included albums of questionable genres and mainly by male artists, which made me want to ignore the suggestion.",PRE,PASSIVE,TR1_Presentation,NO,5,"Ho notato una sovrarappresentazione di artisti maschili o generi mainstream, Ho visto pochissime artiste donne o artisti non occidentali essere consigliati",Le raccomandazioni mi sono sembrate stereotipate o influenzate da bias,YES,2,2
170,10/12/2025 00:01:25,60ddf71e95896d2595f0e1a5,Spotify,Esploravo suggerimenti spotify,"Volendo ascoltare artisti simili a Venerus, che ha un album che mi piace molto, ho trovato la sezione “per i fan di Venerus”, ma che purtroppo conteneva playlist totalmente incoerenti con ol genere dell’artista e sopratutto selezionate perché virali. Mi ha lasciato davvero perplessa e mi fa capire di dover ignorare questo tipo di sezione di consigliati sulla base degli artisti","Wanting to listen to artists similar to Venerus, who has an album that I really like, I found the section ‘for fans of Venerus’, but unfortunately it contained playlists that were totally inconsistent with the artist's genre and, above all, selected because they were viral. It really left me perplexed and made me realise that I should ignore this type of recommended section based on artists.",PRE,ACTIVE,TR1_Presentation,NO,5,"La piattaforma sembrava promuovere canzoni già virali o molto popolari, Ho trovato difficile scoprire qualcosa di veramente nuovo o diverso, Ho percepito che artisti commerciali o di grandi etichette erano favoriti rispetto agli indipendenti","Sembrava che la raccomandazione fosse pensata per promuovere qualcosa piuttosto che adattarsi ai miei gusti, Il sistema sembrava ignorare scene musicali diverse o di nicchia a cui tengo.",YES,1,5
171,10/12/2025 00:04:50,60ddf71e95896d2595f0e1a5,Spotify,Ascolto passivo,La mia “discover weekly” contiene quasi interamente brani italiani nonostante non sia affatto l’unica di lingua di canzoni che ascolto. Mi sono chiesta se mai mi verranno consigliati piu spesso brani in inglese,"My ‘discover weekly’ contains almost entirely Italian songs, even though it's not the only language I listen to. I wondered if I would ever be recommended more songs in English.",PRE,PASSIVE,TR2_Collection,NO,5,Ho visto pochissime artiste donne o artisti non occidentali essere consigliati,"Le raccomandazioni mi sono sembrate stereotipate o influenzate da bias, Non ne sono sicurə ma ha catturato la mia attenzione per qualche motivo",YES,3,4
172,10/12/2025 00:30:50,60e5d3a91561c1746aa12a5e,Spotify,Stavo cercando qualcosa di specifico,"Cercavo nuovi brani nella daylist, e ho notato che la maggioranza erano maschili nonostante ci fossero tante donne che ascolto di questo genere. Comincio a essere stanca di questa cosa ","I was looking for new songs in the daylist, and I noticed that most of them were by male artists, even though there are many women I listen to in this genre. I'm starting to get tired of this. ",PRE,ACTIVE,TR2_Collection,NO,4,Ho visto pochissime artiste donne o artisti non occidentali essere consigliati,Le raccomandazioni mi sono sembrate stereotipate o influenzate da bias,YES,1,4
173,10/12/2025 00:35:10,60e5d3a91561c1746aa12a5e,TikTok,Stavo scrollando,"Tik Tok ha cominciato a suggerirmi brani dello stesso cantante. Sono tutti brani con cui ho già interagito qualche mese fa e poi ho smesso,eppure mi continua a suggerire di aggiungerli a spotify quando cerco edit o canzoni","TikTok started suggesting songs by the same singer to me. They are all songs that I interacted with a few months ago and then stopped, yet it keeps suggesting that I add them to Spotify when I search for edits or songs.",PRE,PASSIVE,TR1_Presentation,YES,3,"Ho trovato difficile scoprire qualcosa di veramente nuovo o diverso, La piattaforma sembrava promuovere canzoni già virali o molto popolari","Ho trovato lo stesso contenuto “di tendenza” su diverse piattaforme, Mi sono sentito “intrappolatə” in un loop di contenuti già familiari",NO,3,3
174,10/12/2025 00:52:53,60e5d3a91561c1746aa12a5e,TikTok,Stavo cercando qualcosa di specifico,"Cercavo canzoni nuove, dei video che mi sono usciti nelle prime due ""scrollate"" con il pollice, tre erano di attori di stranger things che cantano. Non seguo particolarmente contenuti su stranger things di solito ","I was looking for new songs, videos that came up in the first two scrolls with my thumb, three were of actors from Stranger Things singing. I don't particularly follow Stranger Things content usually. ",PRE,ACTIVE,TR1_Presentation,NO,3,"La piattaforma sembrava promuovere canzoni già virali o molto popolari, Ho percepito che artisti commerciali o di grandi etichette erano favoriti rispetto agli indipendenti","Ho trovato lo stesso contenuto “di tendenza” su diverse piattaforme, Sembrava che la raccomandazione fosse pensata per promuovere qualcosa piuttosto che adattarsi ai miei gusti",NO,1,4
175,10/12/2025 08:20:01,6646052f36c0bd14aafa0f0f,Spotify,Stavo scrollando,Stavo scrollando su Spotify per cercare una mia playlist in home. Ad un certo punto noto la sezione “Novità scelte per te” con vari suggerimenti sbagliati e di artisti che non rientrano nei miei gusti,"I was scrolling through Spotify looking for one of my playlists on the home page. At one point, I noticed the “New releases chosen for you” section with various incorrect suggestions and artists that are not to my taste.",PRE,ACTIVE,TR1_Presentation,NO,2,Ho percepito che artisti commerciali o di grandi etichette erano favoriti rispetto agli indipendenti,Il sistema sembrava ignorare scene musicali diverse o di nicchia a cui tengo.,NO,3,4
176,10/12/2025 08:22:13,6646052f36c0bd14aafa0f0f,Spotify,Ascolto passivo,Stavo ascoltando su Spotify una playlist di rap americano anni 90/2000. Ad un certo punto fra la riproduzione dei brani consigliati appare un brano di “Le-One” che non rientra nei miei gusti e non ha a che fare con la playlist,"I was listening on Spotify to a 90s/2000s American rap playlist. At some point, among the recommended tracks, a song by “Le-One” appeared, which isn’t to my taste and has nothing to do with the playlist.",POST,PASSIVE,TR3_Continuation,NO,2,La piattaforma sembrava promuovere canzoni già virali o molto popolari,"Ho trovato lo stesso contenuto “di tendenza” su diverse piattaforme, Il sistema sembrava ignorare scene musicali diverse o di nicchia a cui tengo.",NO,3,4
177,10/12/2025 08:24:17,6646052f36c0bd14aafa0f0f,Spotify,Stavo scrollando,Stavo ascoltando una playlist di indie italiano su Spotify. Ad un certo punto fra la riproduzione dei brani consigliati ho un brano di “Niky Savage” che non ascolto e non ha a che fare con la playlist,"I was listening to an Italian indie playlist on Spotify. At some point, among the recommended tracks, a song by “Niky Savage” appeared, which I don’t listen to and has nothing to do with the playlist.",POST,PASSIVE,TR3_Continuation,NO,2,Ho percepito che artisti commerciali o di grandi etichette erano favoriti rispetto agli indipendenti,"Sembrava che la raccomandazione fosse pensata per promuovere qualcosa piuttosto che adattarsi ai miei gusti, Il sistema sembrava ignorare scene musicali diverse o di nicchia a cui tengo.",NO,3,4
178,10/12/2025 13:04:50,5e68bd3b003be1000c6c4d25,Spotify,Ascolto passivo,Stavo ascoltando la mia musica in smart shuffle e spotify mi ha proposto ritmo dei black eyed peas e j balvin,"I was listening to my music on smart shuffle, and Spotify suggested “Ritmo” by Black Eyed Peas and J Balvin.",POST,PASSIVE,TR3_Continuation,NO,1,"La piattaforma sembrava promuovere canzoni già virali o molto popolari, Ho percepito che artisti commerciali o di grandi etichette erano favoriti rispetto agli indipendenti, Ho trovato difficile scoprire qualcosa di veramente nuovo o diverso",Il sistema sembrava ignorare scene musicali diverse o di nicchia a cui tengo.,NO,3,5
179,10/12/2025 16:48:42,601705a0246e51313e8ed38e,Spotify,Volevo vedere se avrei notato un evento problematico simile ai precedenti nella radio dell'ultimo brano che ho ascoltato.,"Ho visto che, su dodici canzoni di una radio di un brano, molte sono di artisti già presenti nelle prime dodici.","I noticed that, out of twelve songs in a track’s radio, many are by artists already featured in the first twelve.",POST,ACTIVE,TR2_Collection,NO,2,"Ho percepito che artisti commerciali o di grandi etichette erano favoriti rispetto agli indipendenti, Il sistema continuava a mostrarmi artisti o brani simili risultando ripetitivo, Non ne sono sicurə ma ha catturato la mia attenzione per qualche motivo",Non ne sono sicurə ma ha catturato la mia attenzione per qualche motivo,NO,3,5
180,10/12/2025 17:12:31,601705a0246e51313e8ed38e,YouTube Music,"Ero curioso di vedere le raccomandazioni di un servizio in cui non sono abbonato, non uso abitualmente ma che comunque ha abbastanza dati sui miei gusti.","Ho notato, nei brani suggeriti a partire dalla canzone in ascolto, canzoni molto popolari e/o che non avessero molto a che fare con la canzone di partenza.","I noticed that, among the tracks suggested based on the song I was listening to, there were very popular songs and/or tracks that didn’t have much to do with the original song.",POST,ACTIVE,TR3_Continuation,NO,4,"Ho percepito che artisti commerciali o di grandi etichette erano favoriti rispetto agli indipendenti, La piattaforma sembrava promuovere canzoni già virali o molto popolari","Le raccomandazioni mi sono sembrate stereotipate o influenzate da bias, Mi sono sentito “intrappolatə” in un loop di contenuti già familiari, Il sistema sembrava ignorare scene musicali diverse o di nicchia a cui tengo., Sembrava che la raccomandazione fosse pensata per promuovere qualcosa piuttosto che adattarsi ai miei gusti",NO,2,4
181,10/12/2025 19:39:19,67235c9d9d3b60d42012c74a,Spotify,Stavo cercando qualcosa di specifico,"Ho notato che nella playlist Release Radar di Spotify, cioé di nuove uscite, si trovano all’inizo i cantanti piú famosi e scendendo quelli sempre meno popolari","I noticed that in Spotify's Release Radar playlist, i.e. new releases, the most famous singers are at the top and the less popular ones are further down.",PRE,ACTIVE,TR2_Collection,NO,5,"Non ne sono sicurə ma ha catturato la mia attenzione per qualche motivo, Ho notato una sovrarappresentazione di artisti maschili o generi mainstream",Sembrava che la raccomandazione fosse pensata per promuovere qualcosa piuttosto che adattarsi ai miei gusti,NO,3,5
182,10/12/2025 20:50:32,6734c4c9540c828f442d4308,Spotify,Stavo scrollando,"Nella pagina principale, nei consigliati, canzoni sentite mille volte perfino alla radio e famose da Sanremo. In più non fa parte del genere che ascolto abitualmente ","On the main page, in the recommendations section, there are songs that have been played a thousand times on the radio and are famous from Sanremo. What's more, it's not the kind of music I usually listen to. ",PRE,PASSIVE,TR2_Collection,NO,3,La piattaforma sembrava promuovere canzoni già virali o molto popolari,"Il sistema sembrava ignorare scene musicali diverse o di nicchia a cui tengo., Ho trovato lo stesso contenuto “di tendenza” su diverse piattaforme, Mi sono sentito “intrappolatə” in un loop di contenuti già familiari",NO,2,4
183,10/12/2025 21:46:39,67235c9d9d3b60d42012c74a,Spotify,Ascolto passivo,Le recommendations di Spotify mi consigliano prevalentemente solo musica che ascolto già.,Spotify’s recommendations mostly suggest only music I already listen to.,POST,PASSIVE,TR3_Continuation,NO,5,"Il sistema continuava a mostrarmi artisti o brani simili risultando ripetitivo, Ho trovato difficile scoprire qualcosa di veramente nuovo o diverso",Mi sono sentito “intrappolatə” in un loop di contenuti già familiari,NO,3,4
184,10/12/2025 22:09:10,67235c9d9d3b60d42012c74a,Spotify,Ascolto passivo,"Su 10 canzoni che Spotify mi consiglia, 7 sono canzoni che ho già salvato.","Out of 10 songs that Spotify recommends to me, 7 are songs I’ve already saved.",POST,PASSIVE,TR3_Continuation,NO,5,Il sistema continuava a mostrarmi artisti o brani simili risultando ripetitivo,Mi sono sentito “intrappolatə” in un loop di contenuti già familiari,NO,3,4
185,10/12/2025 23:20:21,601705a0246e51313e8ed38e,Spotify,Stavo cercando qualcosa di specifico,"Ho notato nelle raccomandazioni più brani di un album che avevo visto già in radio precedenti, poi per curiosità ho visto che questo è stato rilasciato di recente, ovvero il 5 dicembre 2025.","I noticed in the recommendations several tracks from an album that I had already seen in previous radios. Out of curiosity, I saw that it was recently released—on December 5, 2025.",POST,ACTIVE,TR2_Collection,NO,2,"Non ne sono sicurə ma ha catturato la mia attenzione per qualche motivo, Sembrava che il sistema volesse promuovermi una nuova uscita","Non ne sono sicurə ma ha catturato la mia attenzione per qualche motivo, Sembrava che la raccomandazione fosse pensata per promuovere qualcosa piuttosto che adattarsi ai miei gusti",NO,3,3
186,11/12/2025 00:07:36,60ddf71e95896d2595f0e1a5,Spotify,Stavo cercando qualcosa di specifico,Nei consigliati scelti per me nella homepage ci sono principalmente album di artisti maschili e ho dovuto scorrere fino al quinto per una raccomandazione di artista donna,"The recommendations selected for me on the homepage are mainly albums by male artists, and I had to scroll down to the fifth one to find a recommendation by a female artist.",PRE,ACTIVE,TR1_Presentation,NO,5,Ho visto pochissime artiste donne o artisti non occidentali essere consigliati,Le raccomandazioni mi sono sembrate stereotipate o influenzate da bias,YES,3,4
187,11/12/2025 00:10:06,60ddf71e95896d2595f0e1a5,Spotify,Esplorando playlist,"Ho provato ad aprire una delle playlist suggerite nella homepge di genere rap, oltre a contenere solo rap italiano ho divuto scorrere fino circa alla 15esima canzone per vedere un brano di un’artista donna ","I tried opening one of the playlists suggested on the rap genre homepage, but it only contained Italian rap, and I had to scroll down to about the 15th song to find a track by a female artist. ",PRE,ACTIVE,TR2_Collection,NO,5,"Ho visto pochissime artiste donne o artisti non occidentali essere consigliati, Ho notato una sovrarappresentazione di artisti maschili o generi mainstream","Non ne sono sicurə ma ha catturato la mia attenzione per qualche motivo, Le raccomandazioni mi sono sembrate stereotipate o influenzate da bias",YES,1,5
188,11/12/2025 00:19:34,67235c9d9d3b60d42012c74a,YouTube Music,Stavo scrollando,Youtube Shorts promuove i video di un cantante che non ho mai ascoltato perché al momento é molto famoso.,YouTube Shorts promotes videos by a singer I have never listened to because he is very famous at the moment.,PRE,PASSIVE,TR1_Presentation,YES,5,"Ho percepito che artisti commerciali o di grandi etichette erano favoriti rispetto agli indipendenti, Non ne sono sicurə ma ha catturato la mia attenzione per qualche motivo","Non ne sono sicurə ma ha catturato la mia attenzione per qualche motivo, Sembrava che la raccomandazione fosse pensata per promuovere qualcosa piuttosto che adattarsi ai miei gusti",NO,3,3
189,11/12/2025 00:29:46,60ddf71e95896d2595f0e1a5,Spotify,Esploravo suggerimenti,"Ho visto questa playlist nella pagina esplora su misura per me di “discover weekly” che contiene unicamente canzoni italiane, nemmeno una di un artista non italiano","I saw this playlist on the “Discover Weekly” page tailored to me, which only contains Italian songs, not even one by a non-Italian artist.",PRE,ACTIVE,TR2_Collection,NO,5,Ho visto pochissime artiste donne o artisti non occidentali essere consigliati,"Mi sono sentito “intrappolatə” in un loop di contenuti già familiari, Le raccomandazioni mi sono sembrate stereotipate o influenzate da bias",NO,3,4
190,11/12/2025 00:31:21,6582f5dfb83c230e72711bbd,YouTube Music,Stavo cercando qualcosa di specifico,Ascoltando fuckyourclique che sono pop-meme mi sono spuntati nei raccomandati principalmente canzoni rap,"While listening to Fuckyourclique, which is pop-meme, mostly rap songs appeared in the recommended tracks.",POST,PASSIVE,TR3_Continuation,NO,3,"Ho notato una sovrarappresentazione di artisti maschili o generi mainstream, La piattaforma sembrava promuovere canzoni già virali o molto popolari, Ho percepito che artisti commerciali o di grandi etichette erano favoriti rispetto agli indipendenti",Non ne sono sicurə ma ha catturato la mia attenzione per qualche motivo,NO,3,5
191,11/12/2025 00:35:52,6582f5dfb83c230e72711bbd,YouTube Music,Stavo cercando qualcosa di specifico,"Ascoltando una canzone italiana hyperpop che aveva la copertina di un anime mi sono spuntate delle canzoni con copertine anime, in particolare una in russo e una in giapponese, penso che sia stato solo per la copertina","While listening to an Italian hyperpop song with an anime cover, I was suggested songs with anime covers as well—specifically one in Russian and one in Japanese. I think it was just because of the cover.",POST,PASSIVE,TR3_Continuation,YES,5,"Non ne sono sicurə ma ha catturato la mia attenzione per qualche motivo, Perché forse l algoritmo ha suggerito qualcosa solo per la copertina e volevo segnalarlo",Per l immagine,NO,4,1
192,11/12/2025 00:41:24,6582f5dfb83c230e72711bbd,YouTube Music,Stavo cercando qualcosa di specifico,"Ascoltando fenomeni di Fabri fibra mi sono spuntate altre canzoni famosissime, tra cui nella seconda ""LowLow"" di Ulisse che non c entra niente con il genere (é un Cantatore o per lo meno in questa canzone)","While listening to Fenomeni by Fabri Fibra, other very popular songs appeared, including “LowLow” by Ulisse in the second suggestion, which has nothing to do with the genre (he’s more of a cantautore, at least in this song).",POST,PASSIVE,TR3_Continuation,NO,5,"Ho notato una sovrarappresentazione di artisti maschili o generi mainstream, Ho percepito che artisti commerciali o di grandi etichette erano favoriti rispetto agli indipendenti, Ho trovato difficile scoprire qualcosa di veramente nuovo o diverso, La piattaforma sembrava promuovere canzoni già virali o molto popolari","Ho trovato lo stesso contenuto “di tendenza” su diverse piattaforme, Le raccomandazioni mi sono sembrate stereotipate o influenzate da bias",NO,2,5
193,11/12/2025 09:07:51,6734c4c9540c828f442d4308,Spotify,Ascolto passivo,"Nei ""creati per me"" non c'è nemmeno un artista donna",There isn't a single female artist in the ‘created for me’ section.,POST,PASSIVE,TR1_Presentation,NO,3,"Il sistema continuava a mostrarmi artisti o brani simili risultando ripetitivo, Ho notato una sovrarappresentazione di artisti maschili o generi mainstream",Non ne sono sicurə ma ha catturato la mia attenzione per qualche motivo,NO,3,4
194,11/12/2025 13:34:52,6646052f36c0bd14aafa0f0f,Spotify,Stavo scrollando,"Stavo scrollando su Spotify quando ad un certo punto mi sono imbattuto nella sezione Novità scelte per te. Qui, ho trovato vari artisti fra cui “Il Pagante” che non ascolto e non rientra fra i miei gusti   ","I was scrolling through Spotify when I came across the section “New releases chosen for you”. Here, I found various artists, including “Il Pagante”, whom I don't listen to and who is not to my taste.   ",PRE,PASSIVE,TR1_Presentation,NO,3,Ho percepito che artisti commerciali o di grandi etichette erano favoriti rispetto agli indipendenti,"Sembrava che la raccomandazione fosse pensata per promuovere qualcosa piuttosto che adattarsi ai miei gusti, Il sistema sembrava ignorare scene musicali diverse o di nicchia a cui tengo.",NO,3,4
195,11/12/2025 13:41:18,6646052f36c0bd14aafa0f0f,Spotify,Stavo scrollando,"Stavo scrollando su Spotify quando mi soffermo sulla categoria “Scopri cosa abbiamo scelto per te”. Fra i vari brani ce n’è uno di Paky, che non ascolto e non rientra fra i miei gusti","I was scrolling through Spotify when I stopped at the category “Discover what we've chosen for you”. Among the various tracks, there was one by Paky, which I don't listen to and isn't to my taste.",PRE,PASSIVE,TR1_Presentation,NO,2,Ho percepito che artisti commerciali o di grandi etichette erano favoriti rispetto agli indipendenti,Sembrava che la raccomandazione fosse pensata per promuovere qualcosa piuttosto che adattarsi ai miei gusti,NO,3,4
196,11/12/2025 13:43:04,6646052f36c0bd14aafa0f0f,Spotify,Ascolto passivo,"Stavo ascoltando una playlist di rap americano anni ‘90. Ad un certo punto finita la playlist, parte la riproduzione casuale con un brano di “Glocky” che non ascolto e non rientra nei miei gusti","I was listening to a 90s American rap playlist. Once the playlist ended, random playback started with a track by “Glocky,” which I don’t listen to and isn’t to my taste.",POST,PASSIVE,TR3_Continuation,NO,2,Non ne sono sicurə ma ha catturato la mia attenzione per qualche motivo,"Le raccomandazioni non sembravano evolvere nemmeno dopo aver cambiato ciò che ascoltavo, Il sistema sembrava ignorare scene musicali diverse o di nicchia a cui tengo.",NO,3,4
197,11/12/2025 13:46:52,6646052f36c0bd14aafa0f0f,Spotify,Ascolto passivo,"Stavo ascoltando la playlist Rock di un amico. Alla fine, durante la riproduzione casuale è partito un brano di Shiva che non aveva nulla a che fare la con la playlist","I was listening to a friend’s Rock playlist. At the end, during random playback, a track by Shiva started, which had nothing to do with the playlist.",POST,PASSIVE,TR3_Continuation,NO,2,"La piattaforma sembrava promuovere canzoni già virali o molto popolari, Ho percepito che artisti commerciali o di grandi etichette erano favoriti rispetto agli indipendenti","Il sistema sembrava ignorare scene musicali diverse o di nicchia a cui tengo., Sembrava che la raccomandazione fosse pensata per promuovere qualcosa piuttosto che adattarsi ai miei gusti",NO,3,4
198,11/12/2025 13:49:31,6646052f36c0bd14aafa0f0f,Spotify,Ascolto passivo,"Stavo ascoltando una playlist per la palestra. Appena finita, è partita con la riproduzione casuale una canzone di “Icy Subzero” che non aveva nulla a che fare con la playlist ","I was listening to a workout playlist. As soon as it ended, random playback started with a song by “Icy Subzero,” which had nothing to do with the playlist.",POST,PASSIVE,TR3_Continuation,NO,3,Non ne sono sicurə ma ha catturato la mia attenzione per qualche motivo,"Il sistema sembrava ignorare scene musicali diverse o di nicchia a cui tengo., Le raccomandazioni non sembravano evolvere nemmeno dopo aver cambiato ciò che ascoltavo",NO,3,4
199,11/12/2025 13:52:18,6646052f36c0bd14aafa0f0f,Spotify,Stavo scrollando,"Ero su Spotify, nella sezione Cerca in “Scopri qualcosa di nuovo”. Ho ricevuto come consiglio da ascoltare una canzone di “Sick Luke” che non rientra nei miei gusti riguardo ciò che ascolto adesso ","I was on Spotify, in the “Discover something new” section. I received a recommendation to listen to a song by “Sick Luke”, which is not to my taste in terms of what I listen to now. ",PRE,ACTIVE,TR1_Presentation,NO,2,Ho percepito che artisti commerciali o di grandi etichette erano favoriti rispetto agli indipendenti,"Il sistema sembrava ignorare scene musicali diverse o di nicchia a cui tengo., Sembrava che la raccomandazione fosse pensata per promuovere qualcosa piuttosto che adattarsi ai miei gusti",NO,3,4
200,11/12/2025 17:25:53,5e68bd3b003be1000c6c4d25,Spotify,Ascolto passivo,Stavo ascoltando la mia musica in smart shuffle e mi è apparsa musica e il resto scompare di elettra lamborghini,"I was listening to my music on smart shuffle, and “Musica e il resto scompare” by Elettra Lamborghini appeared.",POST,PASSIVE,TR3_Continuation,NO,1,"La piattaforma sembrava promuovere canzoni già virali o molto popolari, Ho percepito che artisti commerciali o di grandi etichette erano favoriti rispetto agli indipendenti, Ho trovato difficile scoprire qualcosa di veramente nuovo o diverso",Sembrava che la raccomandazione fosse pensata per promuovere qualcosa piuttosto che adattarsi ai miei gusti,NO,3,5
201,11/12/2025 18:14:11,6734c4c9540c828f442d4308,TikTok,Stavo scrollando,"Ennesima proposta musicale associata al trend del momento, in questo caso natalizio ","Yet another musical offering associated with the trend of the moment, in this case Christmas. ",PRE,PASSIVE,TR1_Presentation,YES,4,"Non ne sono sicurə ma ha catturato la mia attenzione per qualche motivo, Il sistema continuava a mostrarmi artisti o brani simili risultando ripetitivo",Non ne sono sicurə ma ha catturato la mia attenzione per qualche motivo,NO,4,2
202,11/12/2025 18:33:35,60ddf71e95896d2595f0e1a5,Spotify,Esploravo suggerimenti,"Mi viene proposta una playlist di canzoni che ho ascoltato di giovedì sera, ma che non rispecchia i miei gusti attuali e contiene canzoni anche molto vecchie e famose, il che mi lascia un po’ perplessa","I am offered a playlist of songs I listened to on Thursday evening, but it does not reflect my current tastes and contains some very old and well-known songs, which leaves me a little perplexed.",PRE,ACTIVE,TR2_Collection,NO,5,"La piattaforma sembrava promuovere canzoni già virali o molto popolari, Non ne sono sicurə ma ha catturato la mia attenzione per qualche motivo",Non ne sono sicurə ma ha catturato la mia attenzione per qualche motivo,YES,3,4
203,11/12/2025 19:26:40,60ddf71e95896d2595f0e1a5,Spotify,Stavo cercando qualcosa di specifico,"Mi sono imbattuta in questa playlit di 180 bpm che contiene cazoni a ritmo alto che ascoltavo in passato, con generi che ormai non ascolto da moltissimo tempo e mi ha ricordato i miei vecchi giusti","I stumbled upon this 180 bpm playlist containing fast-paced songs that I used to listen to in the past, with genres that I haven't listened to in a very long time, and it reminded me of my old friends.",PRE,ACTIVE,TR2_Collection,NO,5,Ho trovato difficile scoprire qualcosa di veramente nuovo o diverso,Le raccomandazioni non sembravano evolvere nemmeno dopo aver cambiato ciò che ascoltavo,YES,4,2
204,11/12/2025 19:49:13,67235c9d9d3b60d42012c74a,YouTube Music,Ascolto passivo,Youtube mi consiglia la musica di un’artista molto popolare dopo aver riprodotto un’artista di nicchia,YouTube recommends music by a very popular artist after playing a niche artist.,POST,PASSIVE,TR3_Continuation,NO,5,La piattaforma sembrava promuovere canzoni già virali o molto popolari,"Sembrava che la raccomandazione fosse pensata per promuovere qualcosa piuttosto che adattarsi ai miei gusti, Il sistema sembrava ignorare scene musicali diverse o di nicchia a cui tengo.",NO,3,4
205,11/12/2025 21:58:28,67235c9d9d3b60d42012c74a,Spotify,Ascolto passivo,"Anche quando ascolto musica meno popolare, Spotify mi consiglia musica che ascolto già seppur all’interno di una nicchia","Even when I listen to less popular music, Spotify still recommends music I already listen to, even within a niche.",POST,PASSIVE,TR3_Continuation,NO,5,Il sistema continuava a mostrarmi artisti o brani simili risultando ripetitivo,Mi sono sentito “intrappolatə” in un loop di contenuti già familiari,NO,3,4
206,12/12/2025 00:27:31,601705a0246e51313e8ed38e,Spotify,Stavo cercando qualcosa di specifico,"Stavo ascoltando un paio di radio di brani liquid drum and bass e ho notato la presenza ricorrente di questi due artisti nelle varie radio, in modo più frequente di altri.","I was listening to a couple of liquid drum and bass track radios, and I noticed the recurring presence of these two artists across the various radios, more frequently than others.",POST,ACTIVE,TR2_Collection,NO,2,"Non ne sono sicurə ma ha catturato la mia attenzione per qualche motivo, Il sistema continuava a mostrarmi artisti o brani simili risultando ripetitivo","Sembrava che la raccomandazione fosse pensata per promuovere qualcosa piuttosto che adattarsi ai miei gusti, Mi sono sentito “intrappolatə” in un loop di contenuti già familiari, Non ne sono sicurə ma ha catturato la mia attenzione per qualche motivo",NO,2,2
207,12/12/2025 00:32:46,601705a0246e51313e8ed38e,Spotify,Stavo cercando qualcosa di specifico,"Stavo ascoltando un paio di radio di brani liquid drum and bass/jungle e ho notato spesso questo brano nelle raccomandazioni, come se fosse proposto in modo particolare","I was listening to a couple of liquid drum and bass/jungle track radios, and I often noticed this track in the recommendations, as if it were being promoted in a particular way.",POST,ACTIVE,TR2_Collection,NO,3,"Non ne sono sicurə ma ha catturato la mia attenzione per qualche motivo, Il sistema continuava a mostrarmi artisti o brani simili risultando ripetitivo","Mi sono sentito “intrappolatə” in un loop di contenuti già familiari, Non ne sono sicurə ma ha catturato la mia attenzione per qualche motivo",NO,3,2
208,12/12/2025 00:35:53,601705a0246e51313e8ed38e,Spotify,Stavo cercando qualcosa di specifico,Stavo ascoltando radio di brani dnb e in questa ho notato una presenza più frequente di alcuni artisti nelle prime raccomandazioni,"I was listening to DnB track radios, and in this one I noticed a more frequent presence of certain artists in the top recommendations.",POST,ACTIVE,TR2_Collection,NO,5,Il sistema continuava a mostrarmi artisti o brani simili risultando ripetitivo,"Mi sono sentito “intrappolatə” in un loop di contenuti già familiari, Non ne sono sicurə ma ha catturato la mia attenzione per qualche motivo",NO,3,2
209,12/12/2025 00:56:24,60e5d3a91561c1746aa12a5e,Spotify,Stavo cercando qualcosa di specifico,"Cercavo tra le playlist consigliate per oggi, e vedo che si tratta nella stragrande maggioranza di casi di playlist di artisti bianchi occidentali. O sono playlist che li hanno in copertina o intere sezioni dedicate a loro.","I was looking through today's recommended playlists, and I see that the vast majority of them are playlists by white Western artists. Either they are playlists that feature them on the cover or entire sections dedicated to them.",PRE,ACTIVE,TR1_Presentation,NO,5,"Il sistema continuava a mostrarmi artisti o brani simili risultando ripetitivo, Ho notato una sovrarappresentazione di artisti maschili o generi mainstream, Ho visto pochissime artiste donne o artisti non occidentali essere consigliati",Le raccomandazioni mi sono sembrate stereotipate o influenzate da bias,NO,2,5
210,12/12/2025 01:03:06,60e5d3a91561c1746aa12a5e,Spotify,Stavo scrollando,"Il genere pop è quello dove ascolto più donne in assoluto. Non una maggioranza forse, ma un terzo sicuramente. Ciò nonostante, Spotify fa playlist dove ci sono interi blocchi di canzoni fatti da uomini e basta ","Pop music is the genre where I listen to the most women. Perhaps not a majority, but definitely a third. Nevertheless, Spotify creates playlists where there are entire blocks of songs made by men and men alone. ",PRE,PASSIVE,TR2_Collection,NO,4,"La piattaforma sembrava promuovere canzoni già virali o molto popolari, Ho visto pochissime artiste donne o artisti non occidentali essere consigliati, Ho percepito che artisti commerciali o di grandi etichette erano favoriti rispetto agli indipendenti","Ho trovato lo stesso contenuto “di tendenza” su diverse piattaforme, Le raccomandazioni mi sono sembrate stereotipate o influenzate da bias",NO,3,4
211,12/12/2025 01:09:38,60e5d3a91561c1746aa12a5e,Spotify,Stavo cercando qualcosa di specifico,"Cercavo nella playlist ""cantautorato italiano"". Sembra che le donne cantautrici siano in totale in 3, quando in realtà vanno a pubblicizzare sempre gli stessi o delle cantanti donne che comunque non conosco.","I was looking in the “Cantautorato Italiano” playlist. It seems that there are only three female singer-songwriters in total, while in reality they keep promoting the same ones or female singers that I don’t know.",PRE,ACTIVE,TR2_Collection,NO,4,"Ho notato una sovrarappresentazione di artisti maschili o generi mainstream, Ho percepito che artisti commerciali o di grandi etichette erano favoriti rispetto agli indipendenti",Le raccomandazioni mi sono sembrate stereotipate o influenzate da bias,NO,3,3
212,12/12/2025 01:33:37,6582f5dfb83c230e72711bbd,YouTube Music,Stavo cercando qualcosa di specifico,Ascoltando una canzone di Clara (pop ma lento) sono usciti i pinguini tattici nucleari e Fabri fibra che é rap,"While listening to a song by Clara (slow pop), Pinguini Tattici Nucleari and Fabri Fibra, who is rap, appeared afterward.",POST,PASSIVE,TR3_Continuation,NO,3,"Ho visto pochissime artiste donne o artisti non occidentali essere consigliati, Il sistema continuava a mostrarmi artisti o brani simili risultando ripetitivo, La piattaforma sembrava promuovere canzoni già virali o molto popolari, Ho notato una sovrarappresentazione di artisti maschili o generi mainstream, Ho percepito che artisti commerciali o di grandi etichette erano favoriti rispetto agli indipendenti","Ho trovato lo stesso contenuto “di tendenza” su diverse piattaforme, Sembrava che la raccomandazione fosse pensata per promuovere qualcosa piuttosto che adattarsi ai miei gusti",NO,2,5
213,12/12/2025 02:53:50,6056beff1b9debccd57761e0,Apple Music,Ascolto passivo,"Quando ho la riproduzione casuale dopo aver cercato una canzone specifica, mi vengono proposti spesso gli stessi artisti, anche se non c’entrano tanto con l’artista che ho cercato. E in ogni caso, sono sempre artisti giá famosi","When I use shuffle playback after searching for a specific song, I’m often suggested the same artists, even if they don’t have much to do with the artist I searched for. In any case, they’re always already famous artists.",POST,PASSIVE,TR3_Continuation,NO,3,"Ho percepito che artisti commerciali o di grandi etichette erano favoriti rispetto agli indipendenti, Ho trovato difficile scoprire qualcosa di veramente nuovo o diverso, Il sistema continuava a mostrarmi artisti o brani simili risultando ripetitivo","Il sistema sembrava ignorare scene musicali diverse o di nicchia a cui tengo., Le raccomandazioni non sembravano evolvere nemmeno dopo aver cambiato ciò che ascoltavo",NO,4,5
214,12/12/2025 02:58:26,6056beff1b9debccd57761e0,Apple Music,Stavo scrollando,"Nella sezione “ascolta ora” di apple music, mi viene proposto subito un carosello di musica hip-hop italiana che è uno di wuei generi che ascolto pochissimo. Non capisvo perché debba essere posizionato così in alto tra le proposte","In the ‘listen now’ section of Apple Music, I am immediately presented with a carousel of Italian hip-hop music, which is one of the genres I listen to very little. I don't understand why it should be positioned so high among the suggestions.",PRE,PASSIVE,TR1_Presentation,NO,2,Ho percepito che artisti commerciali o di grandi etichette erano favoriti rispetto agli indipendenti,"Il sistema sembrava ignorare scene musicali diverse o di nicchia a cui tengo., Sembrava che la raccomandazione fosse pensata per promuovere qualcosa piuttosto che adattarsi ai miei gusti",YES,3,4
215,12/12/2025 09:19:14,6582f5dfb83c230e72711bbd,YouTube Music,Stavo cercando qualcosa di specifico,"Stavo ascoltando una canzone degli artic monkeys e mi ha suggerito tra le canzoni ""notion"" di ""the rare occasion"" sicuramente non c entra molto con la canzone in particolare  che stavo ascoltando perché sono assai diverse e penso l abbia consigliata solo perché molto famosa ed era andata di moda","I was listening to a song by the Arctic Monkeys, and among the suggested tracks, it recommended “Notion” by The Rare Occasions. It doesn’t really fit with the song I was listening to, since they’re quite different—I think it was suggested only because it’s very popular and had been trendy.",POST,PASSIVE,TR3_Continuation,YES,5,"Ho percepito che artisti commerciali o di grandi etichette erano favoriti rispetto agli indipendenti, La piattaforma sembrava promuovere canzoni già virali o molto popolari","Sembrava che la raccomandazione fosse pensata per promuovere qualcosa piuttosto che adattarsi ai miei gusti, Ho trovato lo stesso contenuto “di tendenza” su diverse piattaforme",NO,2,5
216,12/12/2025 15:12:23,6056beff1b9debccd57761e0,YouTube,Stavo scrollando,"Tra le proposte nella sezione musica, ho trovato molti video correlati ai miei recenti ascolti che mi incuriosiscono molto, però tra questi ci sono pochissimi video di  va artisti uomini","Among the suggestions in the music section, I found many videos related to my recent listening that intrigue me greatly, but among these there are very few videos by male artists.",PRE,PASSIVE,TR1_Presentation,NO,5,Ho visto pochi artisti uomini o occidentali,"Il sistema sembrava ignorare scene musicali diverse o di nicchia a cui tengo., L’alogritmo si concetra troppo sugli ascolti molto recenti ignorando quelli meno recenti ma comumque ascoltati spesso",YES,3,5
217,12/12/2025 17:23:03,6582f5dfb83c230e72711bbd,YouTube Music,Stavo cercando qualcosa di specifico,"Ascoltando fibra è uscito mondo marcio (che è per lo più cantastorie) dj shoca, Noyz narcos cioè cose che non c entrano ","While listening to Fabri Fibra, tracks by Mondo Marcio (mostly storytelling), DJ Shocca, and Noyz Narcos appeared—basically things that have nothing to do with it.",POST,PASSIVE,TR3_Continuation,NO,4,"Ho percepito che artisti commerciali o di grandi etichette erano favoriti rispetto agli indipendenti, La piattaforma sembrava promuovere canzoni già virali o molto popolari, Il sistema continuava a mostrarmi artisti o brani simili risultando ripetitivo, Ho notato una sovrarappresentazione di artisti maschili o generi mainstream, Ho trovato difficile scoprire qualcosa di veramente nuovo o diverso","Ho trovato lo stesso contenuto “di tendenza” su diverse piattaforme, Mi sono sentito “intrappolatə” in un loop di contenuti già familiari",NO,3,4
218,12/12/2025 17:28:50,6582f5dfb83c230e72711bbd,YouTube Music,Stavo cercando qualcosa di specifico,"Ascoltando casa mia di ghali, é spuntata la canzone tutta l Italia di Gabri ponte, immagino perché entrambi derivano da Sanremo e altre canzoni che andavano molto prima","While listening to “Casa Mia” by Ghali, the song “Tutta l’Italia” by Gabry Ponte appeared, probably because both are linked to Sanremo and other popular songs from before.",POST,PASSIVE,TR3_Continuation,NO,5,"Ho percepito che artisti commerciali o di grandi etichette erano favoriti rispetto agli indipendenti, La piattaforma sembrava promuovere canzoni già virali o molto popolari","Ho trovato lo stesso contenuto “di tendenza” su diverse piattaforme, Le raccomandazioni mi sono sembrate stereotipate o influenzate da bias, Sembrava che la raccomandazione fosse pensata per promuovere qualcosa piuttosto che adattarsi ai miei gusti",NO,3,5
219,12/12/2025 17:33:36,6582f5dfb83c230e72711bbd,YouTube Music,Stavo cercando qualcosa di specifico,"Ascoltando i Pink Floyd sono usciti i the Cranberries  in seguito, che sono metal ","While listening to Pink Floyd, The Cranberries appeared afterward, which is metal.",POST,PASSIVE,TR3_Continuation,NO,5,La piattaforma sembrava promuovere canzoni già virali o molto popolari,Ho trovato lo stesso contenuto “di tendenza” su diverse piattaforme,NO,4,3
220,12/12/2025 19:08:10,5e68bd3b003be1000c6c4d25,Spotify,Ascolto passivo,Stavo ascoltando la mia musica in smart shuffle e spotify mi ha proposto notti in bianco di blanco,"I was listening to my music on smart shuffle, and Spotify suggested “Notti in Bianco” by Blanco.",POST,PASSIVE,TR3_Continuation,NO,1,"Ho trovato difficile scoprire qualcosa di veramente nuovo o diverso, Ho percepito che artisti commerciali o di grandi etichette erano favoriti rispetto agli indipendenti, La piattaforma sembrava promuovere canzoni già virali o molto popolari","Il sistema sembrava ignorare scene musicali diverse o di nicchia a cui tengo., Sembrava che la raccomandazione fosse pensata per promuovere qualcosa piuttosto che adattarsi ai miei gusti",NO,3,5
221,12/12/2025 19:22:42,5e68bd3b003be1000c6c4d25,Spotify,Ascolto passivo,Stavo ascoltando la mia musica in smart shuffle e spotify mi ha proposto finchè non mi seppelliscono di blanco,"I was listening to my music on smart shuffle, and Spotify suggested “Finché Non Mi Seppelliscono” by Blanco.",POST,PASSIVE,TR3_Continuation,NO,1,"Il sistema continuava a mostrarmi artisti o brani simili risultando ripetitivo, La piattaforma sembrava promuovere canzoni già virali o molto popolari, Ho percepito che artisti commerciali o di grandi etichette erano favoriti rispetto agli indipendenti, Ho trovato difficile scoprire qualcosa di veramente nuovo o diverso","Sembrava che la raccomandazione fosse pensata per promuovere qualcosa piuttosto che adattarsi ai miei gusti, Ho trovato lo stesso contenuto “di tendenza” su diverse piattaforme",NO,3,5
222,12/12/2025 20:08:07,60ddf71e95896d2595f0e1a5,Spotify,Scrollavo homepage,"Viene creata una sezione di “scelti per me” dove 9 album su 9 sono di astisti maschili, che mi ha lasciata sbalordita","A “chosen for me” section is created where 9 out of 9 albums are by male artists, which left me stunned.",PRE,PASSIVE,TR1_Presentation,NO,5,Ho visto pochissime artiste donne o artisti non occidentali essere consigliati,Le raccomandazioni mi sono sembrate stereotipate o influenzate da bias,YES,1,5
223,12/12/2025 20:14:46,60ddf71e95896d2595f0e1a5,Spotify,Ascolto passivo,"Ho trovato questa playlist del venerdì sera che mi ha lasciata perplessa. Viene descritta come contenente brani ispirati a ciò che ho ascoltato il venerdi sera, ma non mi sembra molto pertinente ai miei gusti e trovo che siano canzoni ora abbastanza virali","I found this Friday night playlist that left me perplexed. It is described as containing songs inspired by what I listened to on Friday night, but it doesn't seem very relevant to my tastes and I find that the songs are now quite viral.",POST,PASSIVE,TR2_Collection,NO,3,La piattaforma sembrava promuovere canzoni già virali o molto popolari,Sembrava che la raccomandazione fosse pensata per promuovere qualcosa piuttosto che adattarsi ai miei gusti,YES,3,4
224,12/12/2025 21:37:22,6734c4c9540c828f442d4308,TikTok,Stavo scrollando,Canzoni ripetute del trend del momento ,Repeated songs from the current trend ,PRE,PASSIVE,TR1_Presentation,NO,4,"Non ne sono sicurə ma ha catturato la mia attenzione per qualche motivo, La piattaforma sembrava promuovere canzoni già virali o molto popolari",Non ne sono sicurə ma ha catturato la mia attenzione per qualche motivo,NO,4,2
225,12/12/2025 21:50:46,67235c9d9d3b60d42012c74a,YouTube Music,Ascolto passivo,Youtube mi consiglia solo video di musica che ho già guardato.,YouTube only recommends music videos that I’ve already watched.,POST,PASSIVE,TR3_Continuation,NO,5,Il sistema continuava a mostrarmi artisti o brani simili risultando ripetitivo,"Non ne sono sicurə ma ha catturato la mia attenzione per qualche motivo, Mi sono sentito “intrappolatə” in un loop di contenuti già familiari",NO,3,4
226,12/12/2025 22:00:24,6646052f36c0bd14aafa0f0f,Spotify,Ascolto passivo,"Stavo ascoltando una playlist rock. Subito dopo, fra i brani consigliati è partita una canzone di Anna, che non ascolto e non rientra nei miei gusti.","I was listening to a rock playlist. Immediately afterward, among the recommended tracks, a song by Anna played, which I don’t listen to and isn’t to my taste.",POST,PASSIVE,TR3_Continuation,NO,2,Ho percepito che artisti commerciali o di grandi etichette erano favoriti rispetto agli indipendenti,"Le raccomandazioni non sembravano evolvere nemmeno dopo aver cambiato ciò che ascoltavo, Il sistema sembrava ignorare scene musicali diverse o di nicchia a cui tengo.",NO,3,4
227,12/12/2025 22:01:55,6646052f36c0bd14aafa0f0f,Spotify,Ascolto passivo,"Stavo ascoltando una playlist per la palestra. Subito dopo, fra i brani consigliati è partito un brano di Tony Effe, che non ascolto e non rientra nei miei gusti, in più non aveva a che fare con ciò che ascoltavo. ","I was listening to a workout playlist. Immediately afterward, among the recommended tracks, a song by Tony Effe played, which I don’t listen to and isn’t to my taste. On top of that, it had nothing to do with what I had been listening to.",POST,PASSIVE,TR3_Continuation,NO,2,Ho percepito che artisti commerciali o di grandi etichette erano favoriti rispetto agli indipendenti,"Le raccomandazioni non sembravano evolvere nemmeno dopo aver cambiato ciò che ascoltavo, Il sistema sembrava ignorare scene musicali diverse o di nicchia a cui tengo.",NO,3,4
228,12/12/2025 22:04:15,6646052f36c0bd14aafa0f0f,Spotify,Stavo cercando qualcosa di specifico,"Stavo scrollando nella home di Spotify. Fra le varie sezioni, noto “I più grandi successi di oggi” e viene consigliata Taylor Swift, una cantante che non ho mai ascoltato e che non rientra per nulla nei miei gusti","I was scrolling through the Spotify home page. Among the various sections, I noticed ‘Today's Top Hits’ and Taylor Swift was recommended, a singer I've never listened to and who is not at all to my taste.",PRE,PASSIVE,TR1_Presentation,NO,1,Ho percepito che artisti commerciali o di grandi etichette erano favoriti rispetto agli indipendenti,"Le raccomandazioni non sembravano evolvere nemmeno dopo aver cambiato ciò che ascoltavo, Il sistema sembrava ignorare scene musicali diverse o di nicchia a cui tengo., Sembrava che la raccomandazione fosse pensata per promuovere qualcosa piuttosto che adattarsi ai miei gusti",NO,3,4
229,12/12/2025 22:05:37,67235c9d9d3b60d42012c74a,Spotify,Ascolto passivo,Le playlist proposte da Spotify hanno molte canzoni uguali tra di loro.,The playlists suggested by Spotify contain many songs that are similar to each other.,POST,PASSIVE,TR2_Collection,NO,5,Ho trovato difficile scoprire qualcosa di veramente nuovo o diverso,Mi sono sentito “intrappolatə” in un loop di contenuti già familiari,NO,3,4
230,12/12/2025 23:23:05,60e5d3a91561c1746aa12a5e,Spotify,Stavo scrollando,"Ho notato che tutti gli artisti che avevano una sezione dedicata nella homepage(""la musica di ../per i fan di ../ playlist da..) erano uomini",I noticed that all the artists who had a dedicated section on the homepage (‘music by ... / for fans of ... / playlist from ...’) were men.,PRE,PASSIVE,TR1_Presentation,NO,4,"Ho visto pochissime artiste donne o artisti non occidentali essere consigliati, Ho percepito che artisti commerciali o di grandi etichette erano favoriti rispetto agli indipendenti",Le raccomandazioni mi sono sembrate stereotipate o influenzate da bias,NO,2,3
231,12/12/2025 23:25:56,60e5d3a91561c1746aa12a5e,Spotify,Stavo scrollando,Ho notato che tutte le settimane o comunque molto spesso Spotify mi consiglia playlist che non c'entrano nulla con quello che ascolto di solito. Mi sembra di avere della pubblicità ,"I've noticed that every week, or at least very often, Spotify recommends playlists that have nothing to do with what I usually listen to. It feels like I'm being bombarded with adverts. ",PRE,PASSIVE,TR1_Presentation,YES,4,"Il sistema continuava a mostrarmi artisti o brani simili risultando ripetitivo, La piattaforma sembrava promuovere canzoni già virali o molto popolari, Ho percepito che artisti commerciali o di grandi etichette erano favoriti rispetto agli indipendenti","Il sistema sembrava ignorare scene musicali diverse o di nicchia a cui tengo., Ho trovato lo stesso contenuto “di tendenza” su diverse piattaforme, Le raccomandazioni non sembravano evolvere nemmeno dopo aver cambiato ciò che ascoltavo",NO,2,2
232,12/12/2025 23:29:14,60e5d3a91561c1746aa12a5e,Spotify,Stavo cercando qualcosa di specifico,"Stavo sfogliando la playlist indie mix e ho notato che ha ben poco di indie. Qualche artista c'è ma molti fanno pop puro, o pop qualcosa. La stragrande maggioranza non sono indipendenti ","I was browsing through the indie mix playlist and noticed that it has very little indie music. There are a few artists, but many of them make pure pop, or pop something. The vast majority are not independent. ",PRE,ACTIVE,TR2_Collection,NO,3,"Ho percepito che artisti commerciali o di grandi etichette erano favoriti rispetto agli indipendenti, Ho trovato difficile scoprire qualcosa di veramente nuovo o diverso","Mi sono sentito “intrappolatə” in un loop di contenuti già familiari, Ho trovato lo stesso contenuto “di tendenza” su diverse piattaforme",NO,3,5
233,12/12/2025 23:38:15,67235c9d9d3b60d42012c74a,Spotify,Ascolto passivo,Spotify mi consiglia solo canzoni già molto conosciute e che ascolto già.,Spotify only recommends songs that are already very well-known and that I already listen to.,POST,PASSIVE,TR3_Continuation,NO,5,"Ho notato una sovrarappresentazione di artisti maschili o generi mainstream, La piattaforma sembrava promuovere canzoni già virali o molto popolari","Le raccomandazioni mi sono sembrate stereotipate o influenzate da bias, Ho trovato lo stesso contenuto “di tendenza” su diverse piattaforme",NO,3,4
234,13/12/2025 00:41:26,601705a0246e51313e8ed38e,Spotify,Ascolto passivo,"Stavo curiosando nei miei daily mix, quando ho notato che la prima canzone della playlist era totalmente diversa dal resto, come se fosse stata messa per promuovere quel brano in una playlist di brani diversissimi da essa.","I was browsing my Daily Mix, and I noticed that the first song in the playlist was completely different from the rest, as if it had been placed there to promote that track in a playlist of very different songs.",POST,ACTIVE,TR2_Collection,YES,1,Non ne sono sicurə ma ha catturato la mia attenzione per qualche motivo,"Non ne sono sicurə ma ha catturato la mia attenzione per qualche motivo, Sembrava che la raccomandazione fosse pensata per promuovere qualcosa piuttosto che adattarsi ai miei gusti, Il sistema sembrava ignorare scene musicali diverse o di nicchia a cui tengo.",NO,1,3
235,13/12/2025 00:45:14,601705a0246e51313e8ed38e,Spotify,Ascolto passivo,"Stavo controllando i daily mix, e in questo ho visto, nei vari brani della scaletta, la presenza ricorrente di questi due artisti, che ho visto proposti in modo un po' più frequente anche in altre playlist.","I was checking my Daily Mix, and in this one I noticed the recurring presence of these two artists throughout the tracklist, who I’ve seen suggested a bit more frequently in other playlists as well.",POST,ACTIVE,TR2_Collection,NO,3,Il sistema continuava a mostrarmi artisti o brani simili risultando ripetitivo,Mi sono sentito “intrappolatə” in un loop di contenuti già familiari,NO,3,4
236,13/12/2025 00:58:31,601705a0246e51313e8ed38e,Spotify,Stavo cercando qualcosa di specifico,"In questa playlist di raccomandazioni da un brano, ho visto proposte canzoni di determinati artisti in modo più frequente del resto.","In this playlist of recommendations from a track, I noticed songs by certain artists appearing more frequently than others.",POST,ACTIVE,TR2_Collection,NO,3,"Non ne sono sicurə ma ha catturato la mia attenzione per qualche motivo, Ho notato una sovrarappresentazione di artisti maschili o generi mainstream, Il sistema continuava a mostrarmi artisti o brani simili risultando ripetitivo",Mi sono sentito “intrappolatə” in un loop di contenuti già familiari,NO,3,4
237,13/12/2025 01:01:36,601705a0246e51313e8ed38e,Spotify,Stavo cercando qualcosa di specifico,"Nelle prime raccomandazioni nella radio di un brano hip hop old school, genere in cui c'è davvero molto materiali di molti artisti importanti, ho notato una certa tendenza a proporre brani di pochi artisti in particolare.",In the first recommendations on the radio for an old-school hip hop track—a genre with a lot of material from many important artists—I noticed a certain tendency to suggest tracks from just a few particular artists.,POST,ACTIVE,TR2_Collection,NO,4,"Ho notato una sovrarappresentazione di artisti maschili o generi mainstream, Non ne sono sicurə ma ha catturato la mia attenzione per qualche motivo, Ho visto pochissime artiste donne o artisti non occidentali essere consigliati, Il sistema continuava a mostrarmi artisti o brani simili risultando ripetitivo",Non ne sono sicurə ma ha catturato la mia attenzione per qualche motivo,NO,3,5
238,13/12/2025 01:06:43,601705a0246e51313e8ed38e,Spotify,Stavo cercando qualcosa di specifico,"In una radio di un brano, ho trovato un brano appena uscito ma che, se non per un breve break che riprende il genere della radio (dnb), a livello di genere, non aveva nulla a che fare con il resto.","On the radio for a track, I came across a newly released song that, aside from a brief break referencing the radio’s genre (drum & bass), had nothing to do with the rest in terms of genre.",POST,ACTIVE,TR2_Collection,NO,5,Non ne sono sicurə ma ha catturato la mia attenzione per qualche motivo,Sembrava che la raccomandazione fosse pensata per promuovere qualcosa piuttosto che adattarsi ai miei gusti,NO,2,2
239,13/12/2025 01:15:23,601705a0246e51313e8ed38e,Spotify,Ascolto passivo,"Ho fatto partire la radio di un brano scoperto tempo fa, e ho notato un certo pattern e frequenza nella proposta di determinati artisti.","I started the radio for a track I discovered some time ago, and I noticed a certain pattern and frequency in the suggestion of specific artists.",POST,ACTIVE,TR2_Collection,NO,3,"Non ne sono sicurə ma ha catturato la mia attenzione per qualche motivo, Il sistema continuava a mostrarmi artisti o brani simili risultando ripetitivo",Sembrava che la raccomandazione fosse pensata per promuovere qualcosa piuttosto che adattarsi ai miei gusti,NO,2,4
240,13/12/2025 03:51:31,6056beff1b9debccd57761e0,YouTube,Stavo cercando qualcosa di specifico,"Dopo aver fatto una ricerca su youtube di Lucio Dalla, mi è uscito tra i risultati un pezzo di Laura Pausini. È una sponsorizzazione ed è lecita, ma rimane comunque fastidiosa. Se proprio bisogna posizionare una sponsorizzazione, io la metterei magari in alto (o in basso come ultima proposta) e poi vorrei vedere qualcosa che sia correlato","After searching for Lucio Dalla on YouTube, a song by Laura Pausini appeared among the results. It's an advertisement, and that's fine, but it's still annoying. If you really have to place an advertisement, I would put it at the top (or at the bottom as the last suggestion) and then I would like to see something related.",PRE,ACTIVE,TR1_Presentation,YES,1,Ho percepito che artisti commerciali o di grandi etichette erano favoriti rispetto agli indipendenti,Sembrava che la raccomandazione fosse pensata per promuovere qualcosa piuttosto che adattarsi ai miei gusti,YES,2,3
241,13/12/2025 10:55:32,601705a0246e51313e8ed38e,Spotify,Ascolto passivo,"Come l'altra volta, ho notato una leggera preferenza per alcuni artisti nelle raccomandazioni.","As before, I noticed a slight preference for certain artists in the recommendations.",POST,PASSIVE,TR2_Collection,NO,4,"Ho percepito che artisti commerciali o di grandi etichette erano favoriti rispetto agli indipendenti, Non ne sono sicurə ma ha catturato la mia attenzione per qualche motivo","Mi sono sentito “intrappolatə” in un loop di contenuti già familiari, Le raccomandazioni mi sono sembrate stereotipate o influenzate da bias",NO,3,2
242,13/12/2025 16:01:45,6646052f36c0bd14aafa0f0f,Spotify,Stavo scrollando,"Stavo scrollando su Spotify fin quando noto la sezione “Stazioni radio consigliate”. In questa sezione, erano presenti più artisti che non rientrano nei miei gusti, fra cui Olly","I was scrolling through Spotify when I noticed the “Recommended Radio Stations” section. In this section, there were several artists who are not to my taste, including Olly.",PRE,PASSIVE,TR1_Presentation,NO,2,Ho percepito che artisti commerciali o di grandi etichette erano favoriti rispetto agli indipendenti,"Il sistema sembrava ignorare scene musicali diverse o di nicchia a cui tengo., Sembrava che la raccomandazione fosse pensata per promuovere qualcosa piuttosto che adattarsi ai miei gusti",NO,3,4
243,13/12/2025 16:03:07,6646052f36c0bd14aafa0f0f,Spotify,Ascolto passivo,"Stavo ascoltando una playlist in auto. Ad un certo punto appena finita la playlist, parte una riproduzione consigliata con un brano di Mambolosco, che non ascolto e non rientra nei miei gusti","I was listening to a playlist on autoplay. Once the playlist ended, a recommended track by Mambolosco started, which I don’t listen to and isn’t to my taste.",POST,PASSIVE,TR3_Continuation,NO,2,"La piattaforma sembrava promuovere canzoni già virali o molto popolari, Ho percepito che artisti commerciali o di grandi etichette erano favoriti rispetto agli indipendenti","Ho trovato lo stesso contenuto “di tendenza” su diverse piattaforme, Il sistema sembrava ignorare scene musicali diverse o di nicchia a cui tengo., Le raccomandazioni non sembravano evolvere nemmeno dopo aver cambiato ciò che ascoltavo",NO,3,4
244,13/12/2025 16:04:36,6646052f36c0bd14aafa0f0f,Spotify,Ascolto passivo,"Stavo ascoltando una playlist rock. Ad un certo punto, finita la playlist, parte in riproduzione consigliata un brano di Villabanks, che non ascolto e che non aveva a che fare con ciò che stavo ascoltando","I was listening to a rock playlist. Once the playlist ended, a recommended track by Villabanks started, which I don’t listen to and had nothing to do with what I had been listening to.",POST,PASSIVE,TR3_Continuation,NO,2,Ho percepito che artisti commerciali o di grandi etichette erano favoriti rispetto agli indipendenti,"Le raccomandazioni non sembravano evolvere nemmeno dopo aver cambiato ciò che ascoltavo, Sembrava che la raccomandazione fosse pensata per promuovere qualcosa piuttosto che adattarsi ai miei gusti, Il sistema sembrava ignorare scene musicali diverse o di nicchia a cui tengo.",NO,3,4
245,13/12/2025 16:46:09,6056beff1b9debccd57761e0,Instagram,Stavo scrollando,"È evidente che, in base ai video che ho condiviso e con cui interagisco di più, l’algoritmo continua a creare un feed per uno specifico “prototipo” di persona, che risulta difficile da cambiare, anche perché in effetti mi porta ad interagire sempre con gli stessi temi che mi piacciono","It is clear that, based on the videos I share and interact with most, the algorithm continues to create a feed for a specific “prototype” of person, which is difficult to change, partly because it leads me to always interact with the same topics that I like.",PRE,PASSIVE,TR1_Presentation,YES,5,"Ho trovato difficile scoprire qualcosa di veramente nuovo o diverso, Il sistema continuava a mostrarmi artisti o brani simili risultando ripetitivo","Le raccomandazioni non sembravano evolvere nemmeno dopo aver cambiato ciò che ascoltavo, Il sistema sembrava ignorare scene musicali diverse o di nicchia a cui tengo., Mi sono sentito “intrappolatə” in un loop di contenuti già familiari, Le raccomandazioni mi sono sembrate stereotipate o influenzate da bias",YES,5,5
246,13/12/2025 23:08:07,67235c9d9d3b60d42012c74a,Spotify,Ascolto passivo,Spotify mi consiglia playlist praticamente uguali.,Spotify recommends playlists that are practically identical.,POST,PASSIVE,TR1_Presentation,NO,5,"Ho notato una sovrarappresentazione di artisti maschili o generi mainstream, Ho percepito che artisti commerciali o di grandi etichette erano favoriti rispetto agli indipendenti","Ho trovato lo stesso contenuto “di tendenza” su diverse piattaforme, Sembrava che la raccomandazione fosse pensata per promuovere qualcosa piuttosto che adattarsi ai miei gusti",NO,3,4
247,13/12/2025 23:17:54,67235c9d9d3b60d42012c74a,Spotify,Ascolto passivo,I diversi mix proposti da Spotify presentano molte canzoni uguali,The various mixes offered by Spotify feature many of the same songs.,POST,PASSIVE,TR2_Collection,NO,5,"La piattaforma sembrava promuovere canzoni già virali o molto popolari, Ho trovato difficile scoprire qualcosa di veramente nuovo o diverso",Mi sono sentito “intrappolatə” in un loop di contenuti già familiari,NO,3,5
248,13/12/2025 23:50:36,67235c9d9d3b60d42012c74a,Spotify,Stavo cercando qualcosa di specifico,Le playlist all’infuori del mio gusto abituale sono rilegate al fondo della home. ,Playlists that are not to my usual taste are relegated to the bottom of the home page. ,PRE,ACTIVE,TR1_Presentation,NO,4,Il sistema continuava a mostrarmi artisti o brani simili risultando ripetitivo,Mi sono sentito “intrappolatə” in un loop di contenuti già familiari,NO,3,4
249,14/12/2025 01:12:49,6582f5dfb83c230e72711bbd,YouTube Music,Stavo cercando qualcosa di specifico,Ascoltando Toby Pitony che fà musica pop però per lo più meme mi é spuntato nei seguiti Leon faun che fà musica pop ma molto più seria e tra l'altro non lo ascolto in quanto non mi piace,"While listening to Toby Pitony, who makes mostly pop-meme music, Leon Faun appeared in the following tracks. He also makes pop, but much more serious, and I don’t listen to him because I don’t like it.",POST,PASSIVE,TR3_Continuation,NO,3,La piattaforma sembrava promuovere canzoni già virali o molto popolari,"Sembrava che la raccomandazione fosse pensata per promuovere qualcosa piuttosto che adattarsi ai miei gusti, Il sistema sembrava ignorare scene musicali diverse o di nicchia a cui tengo.",NO,2,5
250,14/12/2025 01:16:15,60ddf71e95896d2595f0e1a5,Spotify,Stavo cercando qualcosa di specifico,Ho trovsto questa playlist di indie italiano dove sono in stragrande maggioranza brani di artisti maschili e pochissime donne,I found this Italian indie playlist where the vast majority of songs are by male artists and very few by women.,PRE,ACTIVE,TR2_Collection,NO,5,Ho visto pochissime artiste donne o artisti non occidentali essere consigliati,Le raccomandazioni mi sono sembrate stereotipate o influenzate da bias,NO,2,4
251,14/12/2025 01:16:35,6582f5dfb83c230e72711bbd,YouTube Music,Stavo cercando qualcosa di specifico,"Ascoltando il disco mr simpatia di fibra (che é tipo rap estremo come Eminem) mi é spuntato bassi maestro che fà pop-rap ma molto più significativo e meno estremo, quindi abbastanza diverso","While listening to the album Mr. Simpatia by Fabri Fibra (which is more extreme rap, like Eminem), Bassi Maestro appeared, who does pop-rap but much more meaningful and less extreme—so quite different.",POST,PASSIVE,TR3_Continuation,NO,5,"Ho notato una sovrarappresentazione di artisti maschili o generi mainstream, Ho trovato difficile scoprire qualcosa di veramente nuovo o diverso","Mi sono sentito “intrappolatə” in un loop di contenuti già familiari, Le raccomandazioni non sembravano evolvere nemmeno dopo aver cambiato ciò che ascoltavo, Non ne sono sicurə ma ha catturato la mia attenzione per qualche motivo",NO,5,5
252,14/12/2025 01:17:51,60ddf71e95896d2595f0e1a5,Spotify,Guardavo homepage,Nella sezione scelti per me ci sono anche oggi 8 album su 9 di artisti maschili e tutti italiani,"In the section “chosen for me”, there are still 8 out of 9 albums by male artists, all of whom are Italian.",PRE,PASSIVE,TR1_Presentation,NO,4,"Ho notato una sovrarappresentazione di artisti maschili o generi mainstream, Ho visto pochissime artiste donne o artisti non occidentali essere consigliati",Le raccomandazioni mi sono sembrate stereotipate o influenzate da bias,NO,3,4
253,14/12/2025 01:21:07,60ddf71e95896d2595f0e1a5,Spotify,Stavo cercando qualcosa di specifico,Mi viene consigliata questa playlist in collaborazione con netflix che contiene la colonna sonora di una serie che io non ho mai visto e non so nemmeno di cosa parla. Mi sono chiesta come mai mi appare nella homepage visto che le canzoni non sono generi che ascolto mai e non so come potrebbe interessarmi,"This playlist is recommended to me in collaboration with Netflix. It contains the soundtrack of a series that I have never seen and don't even know what it's about. I wondered why it appeared on my homepage, given that the songs are not the kind I ever listen to and I don't know how they could interest me.",PRE,ACTIVE,TR2_Collection,NO,1,La piattaforma sembrava promuovere canzoni già virali o molto popolari,Sembrava che la raccomandazione fosse pensata per promuovere qualcosa piuttosto che adattarsi ai miei gusti,YES,3,1
254,14/12/2025 01:48:24,5e68bd3b003be1000c6c4d25,Spotify,Ascolto passivo,Stavo ascoltando la mia musica in smart shuffle e spotify mi ha proposto let me love you di justin bieber,"I was listening to my music on smart shuffle, and Spotify suggested “Let Me Love You” by Justin Bieber.",POST,PASSIVE,TR3_Continuation,NO,1,"Ho trovato difficile scoprire qualcosa di veramente nuovo o diverso, La piattaforma sembrava promuovere canzoni già virali o molto popolari, Ho percepito che artisti commerciali o di grandi etichette erano favoriti rispetto agli indipendenti","Ho trovato lo stesso contenuto “di tendenza” su diverse piattaforme, Sembrava che la raccomandazione fosse pensata per promuovere qualcosa piuttosto che adattarsi ai miei gusti, Il sistema sembrava ignorare scene musicali diverse o di nicchia a cui tengo.",NO,3,5
255,14/12/2025 12:32:05,6646052f36c0bd14aafa0f0f,Spotify,Ascolto passivo,"Stavo ascoltando una playlist su Spotify. A un certo punto, finita la playlist, con la riproduzione consigliata parte un brano di “Christian Liguori” totalmente fuori dai miei gusti, ma che avevo già sentito su tiktok in quanto brano virale.","I was listening to a playlist on Spotify. At some point, once the playlist ended, a recommended track by “Christian Liguori” started—completely outside my taste, though I had already heard it on TikTok because it was a viral song.",POST,PASSIVE,TR3_Continuation,YES,2,La piattaforma sembrava promuovere canzoni già virali o molto popolari,"Il sistema sembrava ignorare scene musicali diverse o di nicchia a cui tengo., Sembrava che la raccomandazione fosse pensata per promuovere qualcosa piuttosto che adattarsi ai miei gusti, Ho trovato lo stesso contenuto “di tendenza” su diverse piattaforme",NO,3,4
256,14/12/2025 12:33:30,6646052f36c0bd14aafa0f0f,Spotify,Ascolto passivo,"Stavo ascoltando una breve playlist per allenarmi questa mattina. A un certo punto, a fine playlist fra i brani consigliati parte un brano di Shiva, che non ascolto e non rientra nei miei gusti","I was listening to a short workout playlist this morning. At the end of the playlist, among the recommended tracks, a song by Shiva played, which I don’t listen to and isn’t to my taste.",POST,PASSIVE,TR3_Continuation,NO,2,Ho percepito che artisti commerciali o di grandi etichette erano favoriti rispetto agli indipendenti,"Il sistema sembrava ignorare scene musicali diverse o di nicchia a cui tengo., Sembrava che la raccomandazione fosse pensata per promuovere qualcosa piuttosto che adattarsi ai miei gusti",NO,3,4
257,14/12/2025 12:35:25,6646052f36c0bd14aafa0f0f,Spotify,Ascolto passivo,"Questa mattina, stavo ascoltando una playlist rock in macchina. A un certo punto, fra i brani consigliati a fine playlist parte una canzone di “Baby Gang”, che non ascolto e che non ha nulla a che fare con la playlist che stavo ascoltando","This morning, I was listening to a rock playlist in the car. At the end of the playlist, among the recommended tracks, a song by “Baby Gang” started, which I don’t listen to and has nothing to do with the playlist I was listening to.",POST,PASSIVE,TR3_Continuation,NO,2,Ho percepito che artisti commerciali o di grandi etichette erano favoriti rispetto agli indipendenti,"Sembrava che la raccomandazione fosse pensata per promuovere qualcosa piuttosto che adattarsi ai miei gusti, Il sistema sembrava ignorare scene musicali diverse o di nicchia a cui tengo., Le raccomandazioni non sembravano evolvere nemmeno dopo aver cambiato ciò che ascoltavo",NO,3,4
258,14/12/2025 13:04:03,6056beff1b9debccd57761e0,Apple Music,Stavo scrollando,"Nella sezione scopri, apple mi propone moltissima musica rap/ hiphop italiana. Ho visto che sono usciti molti album di artisti di questo genere, quindi sarà dovuto a questo, però davvero sarebbe bello se apple mi aggiornasse sulle nuove uscite, come fa ora, ma magari in modo un po’ più equilibrato e dando spazio anche altri artisti","In the Discover section, Apple suggests a lot of Italian rap/hip hop music to me. I've noticed that many albums by artists of this genre have been released, so that's probably why, but it would be really nice if Apple kept me updated on new releases, as it does now, but perhaps in a slightly more balanced way and giving space to other artists as well.",PRE,PASSIVE,TR1_Presentation,YES,1,"Ho notato una sovrarappresentazione di artisti maschili o generi mainstream, La piattaforma sembrava promuovere canzoni già virali o molto popolari, Ho percepito che artisti commerciali o di grandi etichette erano favoriti rispetto agli indipendenti",Il sistema sembrava ignorare scene musicali diverse o di nicchia a cui tengo.,YES,3,4
259,14/12/2025 16:12:17,60ddf71e95896d2595f0e1a5,Spotify,Stavo cercando qualcosa di specifico,"Ho trovato nella sezione cerca, cercando musica nuova, solo playlist di canzoni virali o popolari al momento, non personalizzate per me ma se spingono cio che quello che sta gia andando ora","When I searched for new music in the search section, I only found playlists of songs that are currently viral or popular, not personalised for me, but promoting what is already popular now.",PRE,ACTIVE,TR1_Presentation,YES,5,La piattaforma sembrava promuovere canzoni già virali o molto popolari,Sembrava che la raccomandazione fosse pensata per promuovere qualcosa piuttosto che adattarsi ai miei gusti,NO,3,4
260,14/12/2025 20:24:42,5e68bd3b003be1000c6c4d25,Spotify,Ascolto passivo,Stavo ascoltando la mia musica in smart shuffle e spotify mi ha proposto tones and I con dance monkey,"I was listening to my music on smart shuffle, and Spotify suggested “Dance Monkey” by Tones and I.",POST,PASSIVE,TR3_Continuation,NO,1,"Ho percepito che artisti commerciali o di grandi etichette erano favoriti rispetto agli indipendenti, Ho trovato difficile scoprire qualcosa di veramente nuovo o diverso, La piattaforma sembrava promuovere canzoni già virali o molto popolari","Il sistema sembrava ignorare scene musicali diverse o di nicchia a cui tengo., Sembrava che la raccomandazione fosse pensata per promuovere qualcosa piuttosto che adattarsi ai miei gusti",NO,3,5
261,14/12/2025 20:27:04,60ddf71e95896d2595f0e1a5,Spotify,Stavo cercando qualcosa di specifico,"Nei suggerimenti di canzoni da aggiungere a una mia playlist trovo degli artisti poco pertinenti con il genere di canzoni della playlist e in grande parte canzoni già abbastanza famose, che conosco per viralità ma non per gusto, ho dovuto aggiornare i suggerimenti","In the suggestions for songs to add to one of my playlists, I find artists who are not very relevant to the genre of the playlist’s songs, and mostly songs that are already quite famous, which I know because they went viral rather than because I like them. I had to refresh the suggestions.",PRE,ACTIVE,TR3_Continuation,NO,5,"La piattaforma sembrava promuovere canzoni già virali o molto popolari, Ho percepito che artisti commerciali o di grandi etichette erano favoriti rispetto agli indipendenti","Il sistema sembrava ignorare scene musicali diverse o di nicchia a cui tengo., Sembrava che la raccomandazione fosse pensata per promuovere qualcosa piuttosto che adattarsi ai miei gusti",YES,2,4
262,14/12/2025 20:31:16,60ddf71e95896d2595f0e1a5,Spotify,Cercavo nuove playlist,"Ho trovato questa playlist del giorno, venduta ispirata a ciò che ho ascoltato la domenica sera,  contiene brani di artisti unicamente maschili ad eccezione di qualche festuring, che ho dovuto cercare specificamente ","I found this playlist of the day, inspired by what I listened to on Sunday evening. It contains songs by male artists only, with the exception of a few featuring artists, which I had to search for specifically. ",PRE,ACTIVE,TR2_Collection,NO,4,Ho notato una sovrarappresentazione di artisti maschili o generi mainstream,Le raccomandazioni mi sono sembrate stereotipate o influenzate da bias,YES,2,5
263,14/12/2025 20:33:58,60ddf71e95896d2595f0e1a5,Spotify,Stavo cercando qualcosa di specifico,"Mi viene proposta una sezione sulla base di cio che ho ascoltato recentemente ma contiene solo playlist di hit del momento o novità virali, mentre mi aspettavo si basasse piu sui gusti di cio che effettivamente ho ascoltato nell’ultimo periodo. Sono praticamente solo canzoni già famose e girate in radio, in tutte le 8 playlist proposte","I am offered a section based on what I have listened to recently, but it only contains playlists of current hits or viral new releases, whereas I expected it to be based more on the tastes of what I have actually listened to recently. They are basically just songs that are already famous and played on the radio, in all 8 playlists offered.",PRE,ACTIVE,TR1_Presentation,NO,2,"La piattaforma sembrava promuovere canzoni già virali o molto popolari, Ho trovato difficile scoprire qualcosa di veramente nuovo o diverso, Ho percepito che artisti commerciali o di grandi etichette erano favoriti rispetto agli indipendenti",Sembrava che la raccomandazione fosse pensata per promuovere qualcosa piuttosto che adattarsi ai miei gusti,YES,2,4
264,14/12/2025 20:38:56,60ddf71e95896d2595f0e1a5,Spotify,Stavo cercando qualcosa di specifico,"Ho trovato questa playlist “women of indie” che contiene canzoni indie ovviamente di donne, secondo me è problematico il fatto che vengano “categorizzate” delle artiste donne in una playlist così perché non succederebbe mai che soptify crei una playlist “men of indie” che mi fa venire dubbi piu su un discorso di genere a priori e che va oltre allo scoprire la musica. Però mi ha colpito molto perché magari pensando di fare una playlist “inclusiva” o per evidenziare artiste donne, viene sottolineato questo distacco tra generi e come vengono trattati","I found this playlist called “women of indie” which obviously contains indie songs by women. In my opinion, it's problematic that female artists are “categorised” in a playlist like this because Spotify would never create a “men of indie” playlist, which makes me question the whole issue of gender a priori and goes beyond simply discovering music. However, it struck me because perhaps by thinking of creating an “inclusive” playlist or one that highlights female artists, this divide between genders and how they are treated is emphasised.",PRE,ACTIVE,TR2_Collection,YES,5,Non ne sono sicurə ma ha catturato la mia attenzione per qualche motivo,Non ne sono sicurə ma ha catturato la mia attenzione per qualche motivo,YES,1,1
265,14/12/2025 20:42:20,5e68bd3b003be1000c6c4d25,Instagram,Stavo scrollando,Stavo scrollando e mi è apparso un reel con un concerto di anna,I was scrolling and a reel appeared with a concert by Anna.,PRE,PASSIVE,TR1_Presentation,NO,1,"La piattaforma sembrava promuovere canzoni già virali o molto popolari, Ho trovato difficile scoprire qualcosa di veramente nuovo o diverso, Il sistema continuava a mostrarmi artisti o brani simili risultando ripetitivo, Ho percepito che artisti commerciali o di grandi etichette erano favoriti rispetto agli indipendenti","Sembrava che la raccomandazione fosse pensata per promuovere qualcosa piuttosto che adattarsi ai miei gusti, Ho trovato lo stesso contenuto “di tendenza” su diverse piattaforme",NO,2,4
266,14/12/2025 22:11:18,6734c4c9540c828f442d4308,Spotify,Stavo cercando qualcosa di specifico,Sponsorizzazione di personaggi già famosi,Sponsorship of already famous personalities,PRE,ACTIVE,TR1_Presentation,NO,4,"Non ne sono sicurə ma ha catturato la mia attenzione per qualche motivo, Ho percepito che artisti commerciali o di grandi etichette erano favoriti rispetto agli indipendenti",Non ne sono sicurə ma ha catturato la mia attenzione per qualche motivo,NO,4,4
267,14/12/2025 22:43:03,601705a0246e51313e8ed38e,Spotify,Stavo cercando qualcosa di specifico,"In una radio di un brano, ho visto raccomandati brani di due artisti in modo più marcato rispetto ad altri brani/artisti. Sono artisti pertinenti e che già conosco, quindi la cosa non mi stupisce troppo, ma comunque mi sembra anomala.","In a track’s radio, I noticed that songs by two artists were recommended more prominently than other tracks/artists. They are relevant artists I already know, so it’s not too surprising, but it still seems unusual.",POST,ACTIVE,TR2_Collection,NO,5,Il sistema continuava a mostrarmi artisti o brani simili risultando ripetitivo,"Mi sono sentito “intrappolatə” in un loop di contenuti già familiari, Non ne sono sicurə ma ha catturato la mia attenzione per qualche motivo",YES,3,3
268,14/12/2025 23:16:00,67235c9d9d3b60d42012c74a,Spotify,Ascolto passivo,"Tra i consigliati di Spotify, il 60% delle canzoni é già musica che ascolto regolarmente.","Among Spotify’s recommendations, 60% of the songs are already music I listen to regularly.",POST,PASSIVE,TR3_Continuation,NO,4,Ho trovato difficile scoprire qualcosa di veramente nuovo o diverso,Mi sono sentito “intrappolatə” in un loop di contenuti già familiari,NO,3,4
270,14/12/2025 23:34:59,67235c9d9d3b60d42012c74a,YouTube Music,Stavo cercando qualcosa di specifico,"Quando riproduco musica di artisti poco sconosciuti, Youtube mi consiglia musica più popolare subito dopo.","When I play music by little-known artists, YouTube recommends more popular music right afterward.",POST,ACTIVE,TR3_Continuation,NO,5,"Ho trovato difficile scoprire qualcosa di veramente nuovo o diverso, La piattaforma sembrava promuovere canzoni già virali o molto popolari","Mi sono sentito “intrappolatə” in un loop di contenuti già familiari, Ho trovato lo stesso contenuto “di tendenza” su diverse piattaforme, Il sistema sembrava ignorare scene musicali diverse o di nicchia a cui tengo.",NO,3,4
271,15/12/2025 01:45:22,60e5d3a91561c1746aa12a5e,Spotify,Stavo cercando qualcosa di specifico,"Ho notato che se guardo la pagina specifica intitolata musica invece che la sezione ""tutti"" ci sono molte più donne musiciste. L'app si apre in automatico sulla sezione tutti","I noticed that if I look at the specific page titled “music” instead of the “all” section, there are many more female musicians. The app automatically opens on the “all” section.",PRE,ACTIVE,TR1_Presentation,NO,5,"Ho notato una sovrarappresentazione di artisti maschili o generi mainstream, Non ne sono sicurə ma ha catturato la mia attenzione per qualche motivo","Non ne sono sicurə ma ha catturato la mia attenzione per qualche motivo, Sembrava che la raccomandazione fosse pensata per promuovere qualcosa piuttosto che adattarsi ai miei gusti",NO,3,3
272,15/12/2025 01:50:10,60e5d3a91561c1746aa12a5e,Spotify,Stavo scrollando,"Nella sezione playlist popolari, queste erano le uniche con donne o con artisti non occidentali bianchi raffigurati in copertina","In the popular playlists section, these were the only ones with women or non-white Western artists featured on the cover.",PRE,PASSIVE,TR1_Presentation,NO,4,"Ho notato una sovrarappresentazione di artisti maschili o generi mainstream, Ho visto pochissime artiste donne o artisti non occidentali essere consigliati","Le raccomandazioni mi sono sembrate stereotipate o influenzate da bias, Il sistema sembrava ignorare scene musicali diverse o di nicchia a cui tengo.",NO,3,3
273,15/12/2025 01:53:58,60e5d3a91561c1746aa12a5e,TikTok,Stavo cercando qualcosa di specifico,Cercando musica su Tik Tok mi escono solo canzoni che ho già sentito e soprattutto con cui ho già interagito ,"When I search for music on TikTok, I only get songs that I have already heard and, above all, that I have already interacted with. ",PRE,ACTIVE,TR1_Presentation,NO,4,"Il sistema continuava a mostrarmi artisti o brani simili risultando ripetitivo, Ho trovato difficile scoprire qualcosa di veramente nuovo o diverso",Mi sono sentito “intrappolatə” in un loop di contenuti già familiari,NO,3,3
